,지점,지점명,일시,평균기온,평균최고기온,평균최저기온,월합강수량,합계일사량
0,115,울릉도,1501,2.3,4.8,0.3,154.0,
1,115,울릉도,1502,2.6,5.3,0.1,90.1,
2,115,울릉도,1503,6.6,10.2,3.4,37.3,
3,115,울릉도,1504,11.2,14.9,8.1,67.7,
4,115,울릉도,1505,17.9,21.9,14.2,35.9,
5,115,울릉도,1506,19.4,22.7,16.8,102.8,
6,115,울릉도,1507,22.3,25.1,19.9,98.6,
7,115,울릉도,1508,24.4,27.5,22.1,158.9,
8,115,울릉도,1509,19.2,22.3,17.2,73.2,
9,115,울릉도,1510,15.4,18.9,12.7,46.1,
10,115,울릉도,1511,10.4,13.1,8.4,429.4,
11,115,울릉도,1512,5.4,7.9,3.4,99.5,
12,115,울릉도,1601,1.3,3.7,-0.8,164.2,
13,115,울릉도,1602,2.1,4.6,-0.2,134.8,
14,115,울릉도,1603,6.7,10.6,3.6,16.1,
15,115,울릉도,1604,12.3,16.3,9.0,118.5,
16,115,울릉도,1605,17.3,20.9,14.2,64.3,
17,115,울릉도,1606,20.5,23.6,17.9,46.3,
18,115,울릉도,1607,23.0,25.6,21.0,133.6,
19,115,울릉도,1608,24.5,27.4,22.3,491.3,
20,115,울릉도,1609,20.3,22.7,18.5,241.3,
21,115,울릉도,1610,15.5,18.2,13.4,213.8,171.68
22,115,울릉도,1611,9.3,12.5,6.8,189.2,123.6
23,115,울릉도,1612,5.9,8.9,3.1,237.0,116.52
24,115,울릉도,1701,2.6,5.1,0.5,121.3,139.58
25,115,울릉도,1702,2.6,5.5,0.2,237.5,158.54
26,115,울릉도,1703,6.1,9.9,3.4,70.1,273.81
27,115,울릉도,1704,12.7,16.5,9.5,118.4,404.64
28,115,울릉도,1705,17.6,21.3,14.1,24.5,473.84
29,115,울릉도,1706,18.9,22.5,15.8,37.4,469.91
30,115,울릉도,1707,24.6,27.4,22.6,86.2,364.62
31,115,울릉도,1708,24.3,26.8,22.3,60.4,333.08
32,115,울릉도,1709,20.7,23.9,18.3,124.8,344.21
33,115,울릉도,1710,15.2,17.9,13.2,106.0,212.98
34,115,울릉도,1711,9.1,12.5,6.5,88.9,165.78
35,115,울릉도,1712,2.2,4.8,-0.2,106.2,123.09
36,115,울릉도,1801,0.4,3.0,-1.5,85.9,124.06
37,115,울릉도,1802,0.7,3.9,-1.8,128.6,196.58
38,115,울릉도,1803,6.9,10.6,3.5,141.3,310.28
39,115,울릉도,1804,11.9,15.6,8.5,150.0,373.86
40,115,울릉도,1805,15.6,19.1,12.2,131.6,407.36
41,115,울릉도,1806,19.8,22.9,17.4,65.0,386.07
42,115,울릉도,1807,25.0,27.6,22.8,184.9,415.79
43,115,울릉도,1808,25.4,28.2,23.2,79.7,371.9
44,115,울릉도,1809,20.2,22.5,18.3,83.0,265.22
45,115,울릉도,1810,14.8,17.8,12.5,260.9,255.92
46,115,울릉도,1811,10.7,13.8,8.8,42.9,174.4
47,115,울릉도,1812,4.3,6.7,2.1,232.6,110.01
48,115,울릉도,1901,3.4,6.4,1.0,57.2,167.76
49,115,울릉도,1902,3.9,6.9,1.4,96.6,187.03
50,115,울릉도,1903,8.0,11.8,4.8,91.3,319.68
51,115,울릉도,1904,10.5,14.2,6.9,76.4,379.61
52,115,울릉도,1905,18.4,22.6,14.7,19.0,506.67
53,115,울릉도,1906,18.6,21.7,16.0,242.0,366.66
54,115,울릉도,1907,23.1,25.8,21.2,105.8,377.25
55,115,울릉도,1908,25.4,28.1,23.3,41.0,398.4
56,115,울릉도,1909,21.0,23.7,19.0,256.2,264.74
57,115,울릉도,1910,15.9,18.6,13.8,192.5,244.42
58,115,울릉도,1911,10.2,13.4,7.7,121.2,128.18
59,115,울릉도,1912,5.9,8.9,3.4,68.2,138.89
60,115,울릉도,2001,4.5,6.8,2.8,112.9,117.91
61,115,울릉도,2002,4.4,7.3,1.8,215.7,171.95
62,115,울릉도,2003,7.4,11.1,4.3,65.5,516.73
63,115,울릉도,2004,10.4,14.5,7.1,44.5,614.26
64,115,울릉도,2005,16.4,20.1,13.4,124.6,669.99
65,115,울릉도,2006,21.5,24.9,18.6,100.9,672.4
66,115,울릉도,2007,20.8,23.1,19.1,308.2,432.17
67,115,울릉도,2008,25.7,28.6,23.6,68.4,477.77
68,115,울릉도,2009,20.0,22.6,18.0,110.8,434.8
69,115,울릉도,2010,15.3,18.3,13.0,82.5,376.97
70,115,울릉도,2011,10.8,13.9,8.3,118.8,264.81
71,115,울릉도,2012,4.0,6.7,1.8,109.2,205.14
72,115,울릉도,2101,1.3,4.2,-1.0,105.9,196.35
73,115,울릉도,2102,4.6,8.1,1.6,74.6,283.35
74,115,울릉도,2103,8.1,11.8,5.0,59.3,467.59
75,115,울릉도,2104,11.6,16.1,8.3,143.9,607.5
76,115,울릉도,2105,15.7,18.9,12.8,92.2,584.7
77,115,울릉도,2106,19.7,22.6,17.1,82.3,540.7
78,115,울릉도,2107,24.8,27.7,22.6,89.0,623.9
79,115,울릉도,2108,24.2,26.9,22.1,312.2,446.31
80,115,울릉도,2109,20.6,23.1,18.7,179.2,444.87
81,115,울릉도,2110,15.8,19.1,13.3,191.8,345.67
82,115,울릉도,2111,11.1,14.4,8.5,38.3,279.49
83,115,울릉도,2112,4.9,8.0,2.4,164.3,196.73
84,130,울진,1501,2.3,6.9,-2.1,29.8,
85,130,울진,1502,3.0,7.9,-1.6,13.6,
86,130,울진,1503,7.3,12.7,1.7,29.1,
87,130,울진,1504,11.8,17.0,7.1,78.8,
88,130,울진,1505,17.6,23.4,12.3,8.0,
89,130,울진,1506,18.9,22.4,15.7,99.1,
90,130,울진,1507,22.2,25.8,19.0,120.2,
91,130,울진,1508,24.3,28.0,20.8,125.4,
92,130,울진,1509,19.5,23.3,15.5,38.1,
93,130,울진,1510,15.3,20.7,10.0,10.7,
94,130,울진,1511,10.3,13.9,6.5,249.3,
95,130,울진,1512,5.3,10.0,0.9,17.0,
96,130,울진,1601,0.8,6.1,-3.5,12.8,
97,130,울진,1602,2.6,7.2,-2.2,40.6,
98,130,울진,1603,7.1,11.8,2.0,26.8,
99,130,울진,1604,12.5,17.5,7.9,103.8,
100,130,울진,1605,16.6,22.4,11.5,18.0,
101,130,울진,1606,20.4,24.1,17.1,45.4,
102,130,울진,1607,23.0,26.3,20.5,323.9,
103,130,울진,1608,24.9,28.4,21.7,114.3,
104,130,울진,1609,20.6,23.8,17.8,243.0,
105,130,울진,1610,15.6,19.7,11.9,96.7,
106,130,울진,1611,9.1,14.5,4.4,58.4,
107,130,울진,1612,5.5,10.8,0.7,112.6,
108,130,울진,1701,2.1,7.3,-2.4,60.4,
109,130,울진,1702,3.6,9.0,-1.2,19.1,
110,130,울진,1703,6.6,11.6,1.3,30.5,
111,130,울진,1704,13.8,19.3,8.8,55.5,
112,130,울진,1705,18.2,23.3,13.4,28.5,
113,130,울진,1706,19.2,23.0,15.4,22.4,
114,130,울진,1707,24.8,28.6,21.9,131.2,
115,130,울진,1708,24.1,27.4,21.1,267.1,
116,130,울진,1709,20.5,24.9,16.0,92.8,
117,130,울진,1710,15.3,19.5,11.3,133.9,
118,130,울진,1711,8.9,14.5,3.3,8.1,
119,130,울진,1712,1.5,7.1,-3.4,8.0,
120,130,울진,1801,0.1,5.4,-4.3,9.8,
121,130,울진,1802,0.8,6.3,-4.3,32.2,
122,130,울진,1803,8.8,13.9,3.7,130.6,
123,130,울진,1804,13.6,19.4,8.2,167.1,
124,130,울진,1805,16.4,20.7,12.0,46.2,
125,130,울진,1806,20.2,25.0,16.4,27.0,
126,130,울진,1807,24.7,28.1,21.8,229.0,
127,130,울진,1808,25.5,28.9,22.4,211.3,
128,130,울진,1809,19.9,24.0,16.2,143.7,
129,130,울진,1810,13.5,19.0,8.6,336.1,
130,130,울진,1811,8.9,14.4,3.9,82.9,
131,130,울진,1812,3.2,8.5,-1.5,20.3,
132,130,울진,1901,2.9,8.8,-1.8,15.6,
133,130,울진,1902,4.3,8.9,-0.4,19.9,
134,130,울진,1903,8.7,14.1,3.3,47.9,
135,130,울진,1904,11.6,16.4,6.6,106.2,
136,130,울진,1905,18.1,23.5,13.2,17.5,
137,130,울진,1906,19.3,23.5,15.9,142.1,
138,130,울진,1907,24.2,28.0,21.3,135.9,
139,130,울진,1908,25.1,28.9,22.2,140.5,
140,130,울진,1909,21.1,24.9,17.6,184.5,
141,130,울진,1910,16.2,20.9,11.8,661.3,
142,130,울진,1911,10.1,15.5,5.2,94.5,
143,130,울진,1912,5.1,10.6,0.3,15.3,
144,130,울진,2001,4.4,8.9,0.7,103.0,
145,130,울진,2002,4.9,9.9,0.4,64.8,
146,130,울진,2003,8.3,13.3,3.0,35.8,
147,130,울진,2004,11.4,16.8,5.7,54.3,
148,130,울진,2005,17.2,21.7,12.6,58.9,
149,130,울진,2006,21.1,25.4,17.5,126.9,
150,130,울진,2007,20.8,24.0,18.3,482.7,
151,130,울진,2008,25.5,29.2,22.6,148.9,
152,130,울진,2009,20.0,24.2,16.5,236.3,
153,130,울진,2010,14.3,19.5,9.7,1.9,
154,130,울진,2011,10.1,15.3,4.9,21.3,
155,130,울진,2012,2.4,8.3,-2.5,1.4,
156,130,울진,2101,0.6,5.9,-4.7,7.2,
157,130,울진,2102,4.8,10.3,-0.5,3.1,
158,130,울진,2103,8.9,13.5,4.0,106.6,
159,130,울진,2104,12.1,16.6,7.1,76.2,
160,130,울진,2105,16.0,20.7,11.4,137.2,
161,130,울진,2106,19.9,23.5,16.9,49.5,
162,130,울진,2107,24.7,28.1,21.7,120.2,
163,130,울진,2108,24.0,27.5,21.1,291.3,
164,130,울진,2109,21.0,25.0,17.6,142.7,
165,130,울진,2110,15.7,20.7,11.5,201.2,
166,130,울진,2111,10.0,15.9,4.6,18.1,
167,130,울진,2112,3.8,9.7,-1.3,5.6,
168,136,안동,1501,-0.8,4.7,-5.9,15.8,279.11
169,136,안동,1502,1.2,7.1,-4.2,17.7,327.78
170,136,안동,1503,6.6,14.1,-0.7,39.3,534.35
171,136,안동,1504,12.6,18.8,6.8,66.5,453.69
172,136,안동,1505,19.3,26.8,11.6,26.1,724.63
173,136,안동,1506,22.0,28.4,16.4,135.4,580.09
174,136,안동,1507,24.6,29.3,20.6,123.5,555.56
175,136,안동,1508,24.9,30.8,20.6,161.2,531.78
176,136,안동,1509,19.8,26.2,14.4,11.6,476.2
177,136,안동,1510,14.1,21.6,7.9,44.7,434.87
178,136,안동,1511,9.0,13.5,5.3,91.7,182.27
179,136,안동,1512,1.9,7.1,-2.6,21.6,216.57
180,136,안동,1601,-2.3,3.2,-7.5,6.8,286.03
181,136,안동,1602,0.8,6.9,-4.8,32.8,346.58
182,136,안동,1603,7.1,13.9,0.7,45.8,478.89
183,136,안동,1604,14.0,20.9,7.6,126.3,524.14
184,136,안동,1605,19.0,26.4,11.4,51.4,688.14
185,136,안동,1606,23.2,28.8,17.9,43.4,601.08
186,136,안동,1607,25.4,30.5,21.4,274.5,535.64
187,136,안동,1608,26.7,33.4,21.8,38.0,609.4
188,136,안동,1609,21.0,25.7,17.4,166.8,313.86
189,136,안동,1610,15.0,20.3,11.5,83.8,297.15
190,136,안동,1611,6.7,12.6,1.5,16.6,262.98
191,136,안동,1612,1.7,7.4,-3.6,48.2,242.49
192,136,안동,1701,-1.0,5.2,-6.7,3.8,302.19
193,136,안동,1702,1.0,7.4,-5.5,25.2,383.9
194,136,안동,1703,6.2,13.2,-0.2,27.4,471.58
195,136,안동,1704,14.1,21.3,7.0,83.0,571.58
196,136,안동,1705,19.4,26.8,12.2,22.0,682.29
197,136,안동,1706,22.3,29.7,16.0,24.0,668.32
198,136,안동,1707,26.1,30.9,22.5,454.4,484.43
199,136,안동,1708,25.1,29.9,21.3,129.2,498.36
200,136,안동,1709,20.0,26.4,14.7,91.6,491.08
201,136,안동,1710,14.7,20.9,10.1,68.5,352.17
202,136,안동,1711,5.5,12.5,-0.5,0.3,318.75
203,136,안동,1712,-1.7,4.2,-7.2,9.4,280.13
204,136,안동,1801,-3.1,2.5,-7.8,15.1,296.22
205,136,안동,1802,-0.7,5.9,-7.1,18.3,364.52
206,136,안동,1803,7.9,14.7,1.4,93.5,466.16
207,136,안동,1804,13.8,20.9,6.6,148.7,604.79
208,136,안동,1805,18.4,24.7,12.2,98.1,659.04
209,136,안동,1806,22.7,28.6,17.5,48.5,634.73
210,136,안동,1807,27.5,32.7,22.8,154.0,711.72
211,136,안동,1808,27.3,33.0,22.8,249.9,596.48
212,136,안동,1809,19.8,25.2,15.5,93.7,443.06
213,136,안동,1810,12.3,19.1,7.0,108.8,441.63
214,136,안동,1811,6.8,13.9,1.7,29.8,290.14
215,136,안동,1812,-0.2,5.9,-5.6,19.6,285.37
216,136,안동,1901,-0.7,5.6,-6.7,3.6,333.28
217,136,안동,1902,2.0,7.8,-3.4,30.1,352.25
218,136,안동,1903,6.8,13.7,0.0,33.2,497.33
219,136,안동,1904,11.7,18.5,5.1,86.2,539.94
220,136,안동,1905,18.8,26.3,10.8,49.5,742.87
221,136,안동,1906,21.5,27.5,15.9,88.7,660.61
222,136,안동,1907,24.7,29.1,20.9,106.7,541.55
223,136,안동,1908,25.8,31.0,21.6,126.1,586.65
224,136,안동,1909,21.2,26.1,17.3,156.4,402.66
225,136,안동,1910,14.7,20.8,9.8,133.0,392.76
226,136,안동,1911,7.3,14.1,1.9,34.5,297.1
227,136,안동,1912,0.8,6.8,-4.1,19.8,256.51
228,136,안동,2001,1.5,6.7,-2.9,50.5,260.46
229,136,안동,2002,2.5,8.5,-3.0,58.6,360.99
230,136,안동,2003,7.6,14.6,0.6,11.0,530.52
231,136,안동,2004,10.8,18.0,3.6,22.1,650.14
232,136,안동,2005,17.8,24.2,12.1,71.9,653.92
233,136,안동,2006,23.3,29.2,17.8,123.4,658.75
234,136,안동,2007,22.3,26.4,19.1,412.1,439.88
235,136,안동,2008,26.6,31.2,23.1,300.4,499.89
236,136,안동,2009,19.6,25.0,15.4,124.3,418.71
237,136,안동,2010,12.7,19.8,6.9,1.5,430.65
238,136,안동,2011,7.2,13.7,1.4,35.0,300.74
239,136,안동,2012,-1.2,5.3,-6.8,1.0,283.07
240,136,안동,2101,-2.2,3.9,-7.9,6.0,303.13
241,136,안동,2102,2.6,9.4,-3.6,13.8,383.45
242,136,안동,2103,8.3,14.4,2.3,110.6,481.56
243,136,안동,2104,13.0,19.6,6.5,107.3,587.67
244,136,안동,2105,16.1,22.1,10.4,143.8,557.44
245,136,안동,2106,21.8,27.2,17.1,58.2,596.19
246,136,안동,2107,26.0,31.5,21.5,127.5,643.43
247,136,안동,2108,24.3,29.0,20.9,188.9,441.58
248,136,안동,2109,20.4,25.2,16.4,132.5,411.84
249,136,안동,2110,14.2,20.8,9.6,50.8,378.6
250,136,안동,2111,7.1,13.8,1.5,34.6,307.68
251,136,안동,2112,0.8,6.9,-4.4,0.0,276.55
252,137,상주,1501,0.2,4.7,-3.7,26.1,
253,137,상주,1502,2.0,7.2,-2.3,39.0,
254,137,상주,1503,7.6,14.5,0.8,43.5,
255,137,상주,1504,13.1,19.2,7.6,90.0,
256,137,상주,1505,20.2,27.2,13.4,18.0,
257,137,상주,1506,22.9,29.3,17.6,125.2,
258,137,상주,1507,25.0,29.9,21.2,150.7,
259,137,상주,1508,25.6,31.3,21.3,45.0,
260,137,상주,1509,20.3,27.2,14.6,30.9,
261,137,상주,1510,15.0,22.2,9.1,69.1,
262,137,상주,1511,9.7,13.5,6.3,120.7,
263,137,상주,1512,2.6,7.3,-1.3,42.1,
264,137,상주,1601,-0.9,3.2,-4.8,11.7,
265,137,상주,1602,1.6,6.9,-2.8,36.6,
266,137,상주,1603,8.0,14.2,2.1,56.3,
267,137,상주,1604,14.7,21.8,8.4,164.4,
268,137,상주,1605,19.8,27.3,12.7,52.8,
269,137,상주,1606,23.7,29.5,18.8,47.0,
270,137,상주,1607,25.9,31.2,22.0,313.6,
271,137,상주,1608,27.1,33.6,22.3,116.3,
272,137,상주,1609,21.3,26.4,17.8,162.0,
273,137,상주,1610,15.3,20.8,11.5,106.2,
274,137,상주,1611,7.1,12.8,2.1,22.9,
275,137,상주,1612,2.5,7.3,-1.7,46.4,
276,137,상주,1701,0.1,5.1,-4.5,10.2,
277,137,상주,1702,1.7,7.6,-3.4,33.5,
278,137,상주,1703,7.3,13.7,1.4,20.2,
279,137,상주,1704,15.0,21.9,8.4,60.8,
280,137,상주,1705,20.2,27.4,13.6,20.2,
281,137,상주,1706,23.4,30.5,17.3,63.4,
282,137,상주,1707,26.5,31.2,23.1,404.8,
283,137,상주,1708,25.2,30.1,21.6,158.4,
284,137,상주,1709,20.1,26.5,14.7,102.7,
285,137,상주,1710,14.9,21.0,10.2,54.6,
286,137,상주,1711,6.4,12.6,0.8,4.1,
287,137,상주,1712,-0.7,4.5,-5.2,20.4,
288,137,상주,1801,-2.3,2.6,-6.5,24.0,
289,137,상주,1802,0.0,6.2,-5.5,36.9,
290,137,상주,1803,8.5,15.2,2.5,123.1,
291,137,상주,1804,14.3,21.1,7.4,141.4,
292,137,상주,1805,18.7,24.8,12.9,105.1,
293,137,상주,1806,23.3,29.2,18.2,76.9,
294,137,상주,1807,27.3,32.5,23.0,131.3,
295,137,상주,1808,27.5,33.5,22.9,342.8,
296,137,상주,1809,20.0,25.2,15.5,133.8,
297,137,상주,1810,12.5,19.1,7.2,180.3,
298,137,상주,1811,7.3,13.9,1.9,29.8,
299,137,상주,1812,0.4,5.6,-4.1,31.8,
300,137,상주,1901,0.6,5.7,-4.2,2.5,
301,137,상주,1902,2.4,8.1,-2.6,37.8,
302,137,상주,1903,7.7,14.6,1.5,26.8,
303,137,상주,1904,12.5,18.9,6.3,112.2,
304,137,상주,1905,19.6,26.6,12.2,46.3,
305,137,상주,1906,22.0,27.8,16.8,109.5,
306,137,상주,1907,24.8,29.2,21.2,221.2,
307,137,상주,1908,26.1,31.0,22.0,106.7,
308,137,상주,1909,21.1,26.0,17.3,159.5,
309,137,상주,1910,15.0,21.1,10.0,178.4,
310,137,상주,1911,7.9,14.3,2.3,34.2,
311,137,상주,1912,1.4,7.1,-3.1,27.4,
312,137,상주,2001,2.3,6.9,-1.5,60.9,
313,137,상주,2002,3.1,9.0,-2.1,79.6,
314,137,상주,2003,8.2,15.3,1.4,13.3,
315,137,상주,2004,11.7,18.7,5.2,36.3,
316,137,상주,2005,18.4,24.6,12.8,106.5,
317,137,상주,2006,23.6,29.1,18.9,192.2,
318,137,상주,2007,22.4,26.3,19.5,466.7,
319,137,상주,2008,26.6,31.2,23.3,428.6,
320,137,상주,2009,19.8,25.1,15.4,147.3,
321,137,상주,2010,13.4,20.3,7.5,2.7,
322,137,상주,2011,8.0,13.9,2.9,27.9,
323,137,상주,2012,-0.1,5.6,-4.8,1.7,
324,137,상주,2101,-1.8,4.0,-6.8,16.5,
325,137,상주,2102,3.2,9.6,-2.7,9.7,
326,137,상주,2103,8.9,15.2,3.0,98.4,
327,137,상주,2104,13.6,20.3,7.3,70.5,
328,137,상주,2105,16.7,22.7,11.5,166.5,
329,137,상주,2106,22.5,27.9,17.7,57.0,
330,137,상주,2107,26.2,31.6,21.9,216.1,
331,137,상주,2108,24.4,28.9,21.1,324.9,0.94
332,137,상주,2109,20.6,25.4,16.8,188.8,
333,137,상주,2110,14.5,21.1,9.6,41.4,245.68
334,137,상주,2111,8.0,14.3,2.7,39.8,282.82
335,137,상주,2112,1.7,7.3,-3.2,1.2,274.22
336,138,포항,1501,3.0,7.1,-0.8,24.1,66.84
337,138,포항,1502,4.2,8.7,0.1,12.0,261.54
338,138,포항,1503,8.8,13.9,4.0,50.0,440.84
339,138,포항,1504,13.6,18.3,9.5,116.3,368.43
340,138,포항,1505,20.2,25.4,15.3,30.6,568.5
341,138,포항,1506,21.1,25.1,17.9,102.5,421.85
342,138,포항,1507,24.4,27.4,21.7,132.3,432.91
343,138,포항,1508,26.0,29.6,23.1,143.6,441.09
344,138,포항,1509,21.3,24.3,18.4,105.7,369.28
345,138,포항,1510,16.9,21.5,12.8,28.3,363.36
346,138,포항,1511,12.2,15.4,9.4,133.3,158.95
347,138,포항,1512,6.3,10.1,3.0,40.8,181.26
348,138,포항,1601,1.5,5.7,-2.1,47.2,232.71
349,138,포항,1602,4.2,8.8,0.0,14.4,300.58
350,138,포항,1603,9.1,13.6,4.9,69.8,364.41
351,138,포항,1604,14.9,19.2,10.8,155.2,416.63
352,138,포항,1605,19.8,24.6,15.2,39.4,558.03
353,138,포항,1606,22.8,26.3,19.8,52.5,432.87
354,138,포항,1607,25.9,29.4,23.1,113.2,437.94
355,138,포항,1608,27.5,31.0,24.5,181.5,518.06
356,138,포항,1609,22.4,24.8,20.1,522.3,255.0
357,138,포항,1610,17.7,20.9,14.9,257.7,249.51
358,138,포항,1611,10.5,14.9,6.6,20.9,223.79
359,138,포항,1612,6.2,10.6,2.1,41.3,213.19
360,138,포항,1701,2.9,7.3,-1.1,7.4,256.14
361,138,포항,1702,4.6,9.5,-0.2,27.8,316.22
362,138,포항,1703,8.6,13.2,4.3,13.4,408.61
363,138,포항,1704,16.1,21.2,11.7,79.6,475.52
364,138,포항,1705,20.6,25.9,15.8,19.8,568.96
365,138,포항,1706,21.9,26.1,18.4,12.8,556.2
366,138,포항,1707,27.4,31.5,24.4,74.2,281.11
367,138,포항,1708,26.1,28.8,23.6,209.0,293.7
368,138,포항,1709,22.1,25.7,18.5,138.2,264.87
369,138,포항,1710,17.5,20.9,14.3,81.5,178.8
370,138,포항,1711,10.0,15.1,5.4,0.1,148.57
371,138,포항,1712,2.2,7.0,-2.0,10.5,178.3
372,138,포항,1801,0.6,5.2,-3.2,20.0,186.43
373,138,포항,1802,2.5,7.5,-2.0,33.5,217.83
374,138,포항,1803,10.2,14.9,5.5,153.7,341.72
375,138,포항,1804,15.5,20.7,10.6,106.5,553.16
376,138,포항,1805,18.7,22.6,15.1,71.6,552.3
377,138,포항,1806,23.3,27.2,19.7,89.1,536.39
378,138,포항,1807,27.3,30.9,24.2,164.1,581.93
379,138,포항,1808,27.7,30.8,24.8,175.4,505.79
380,138,포항,1809,21.9,24.8,19.3,160.0,343.26
381,138,포항,1810,15.5,19.8,11.7,261.6,395.8
382,138,포항,1811,10.9,15.6,6.9,17.7,279.82
383,138,포항,1812,4.0,8.5,0.1,31.1,245.44
384,138,포항,1901,3.6,8.7,-0.5,17.7,310.96
385,138,포항,1902,5.5,10.1,1.5,22.7,326.95
386,138,포항,1903,10.3,15.2,5.5,27.6,475.71
387,138,포항,1904,13.5,18.4,9.2,95.4,500.3
388,138,포항,1905,20.8,26.0,15.9,14.7,681.24
389,138,포항,1906,21.6,25.1,18.4,190.1,567.97
390,138,포항,1907,26.0,29.1,23.6,94.9,493.35
391,138,포항,1908,27.0,30.3,24.3,231.7,524.4
392,138,포항,1909,23.0,25.9,20.4,273.6,334.03
393,138,포항,1910,18.0,21.7,14.5,381.9,354.87
394,138,포항,1911,11.6,16.6,7.4,47.2,267.74
395,138,포항,1912,5.4,10.3,1.5,27.6,255.52
396,138,포항,2001,5.3,9.3,2.3,152.3,228.6
397,138,포항,2002,6.0,10.6,1.8,59.9,342.66
398,138,포항,2003,10.0,15.1,5.4,29.4,469.18
399,138,포항,2004,13.0,18.3,8.3,45.5,605.96
400,138,포항,2005,18.9,23.4,15.1,41.7,612.03
401,138,포항,2006,23.7,28.1,20.2,112.9,628.95
402,138,포항,2007,22.6,25.1,20.5,346.1,374.77
403,138,포항,2008,28.6,32.7,25.4,180.0,519.22
404,138,포항,2009,21.6,24.8,18.7,246.7,381.74
405,138,포항,2010,16.4,20.7,12.6,4.0,430.22
406,138,포항,2011,11.3,15.9,7.2,20.4,290.85
407,138,포항,2012,3.3,8.4,-0.6,0.0,300.52
408,138,포항,2101,1.8,6.6,-2.3,26.9,303.58
409,138,포항,2102,6.2,11.5,1.4,15.5,365.34
410,138,포항,2103,10.7,14.8,6.5,88.6,444.21
411,138,포항,2104,13.9,17.9,9.8,69.8,579.94
412,138,포항,2105,18.0,22.6,14.1,109.8,577.87
413,138,포항,2106,22.2,25.4,19.4,36.6,574.11
414,138,포항,2107,26.5,29.3,24.1,203.7,565.62
415,138,포항,2108,25.9,28.8,23.4,449.9,412.74
416,138,포항,2109,22.9,25.5,20.7,196.5,371.93
417,138,포항,2110,17.6,22.1,13.7,176.7,367.02
418,138,포항,2111,11.4,16.4,7.3,31.4,324.88
419,138,포항,2112,4.7,9.6,0.3,0.3,300.33
420,271,봉화,1501,-2.9,3.8,-9.1,13.6,
421,271,봉화,1502,-1.4,5.3,-7.4,12.3,
422,271,봉화,1503,3.5,11.8,-4.4,29.6,
423,271,봉화,1504,9.7,16.8,2.7,66.0,
424,271,봉화,1505,16.1,24.5,7.5,32.0,
425,271,봉화,1506,19.5,26.6,13.1,92.9,
426,271,봉화,1507,22.2,27.3,17.9,85.1,
427,271,봉화,1508,22.2,28.9,17.4,99.5,
428,271,봉화,1509,17.0,24.4,10.6,17.9,
429,271,봉화,1510,10.9,19.6,3.7,53.7,
430,271,봉화,1511,7.2,12.1,2.8,66.6,
431,271,봉화,1512,0.1,6.5,-5.3,20.0,
432,271,봉화,1601,-4.3,2.1,-10.6,3.5,
433,271,봉화,1602,-1.6,5.3,-8.2,48.8,
434,271,봉화,1603,4.2,11.8,-2.9,38.4,
435,271,봉화,1604,11.3,19.1,3.9,124.5,
436,271,봉화,1605,16.3,24.6,7.5,56.2,
437,271,봉화,1606,20.7,27.0,14.6,46.0,
438,271,봉화,1607,23.2,28.4,18.9,416.5,
439,271,봉화,1608,23.7,30.5,18.6,61.8,
440,271,봉화,1609,19.1,24.2,15.2,97.9,
441,271,봉화,1610,13.0,19.4,8.1,74.9,
442,271,봉화,1611,4.5,11.7,-1.6,23.5,
443,271,봉화,1612,0.0,6.6,-5.9,52.8,
444,271,봉화,1701,-3.2,3.6,-9.5,4.9,
445,271,봉화,1702,-0.9,5.9,-7.8,23.5,
446,271,봉화,1703,3.7,11.4,-3.4,21.6,
447,271,봉화,1704,11.4,19.4,3.4,90.5,
448,271,봉화,1705,17.0,25.0,9.0,18.3,
449,271,봉화,1706,19.7,27.7,12.4,37.1,
450,271,봉화,1707,24.3,29.3,20.4,255.3,
451,271,봉화,1708,22.8,28.2,18.7,201.5,
452,271,봉화,1709,17.3,25.0,11.0,65.5,
453,271,봉화,1710,12.5,19.6,6.8,57.0,
454,271,봉화,1711,3.1,11.0,-4.0,7.0,
455,271,봉화,1712,-3.9,2.8,-10.4,13.1,
456,271,봉화,1801,-5.2,1.5,-11.2,7.5,
457,271,봉화,1802,-3.6,4.3,-10.9,15.0,
458,271,봉화,1803,5.7,13.1,-1.4,75.2,
459,271,봉화,1804,11.4,19.3,3.5,165.0,
460,271,봉화,1805,15.9,22.9,8.8,140.2,
461,271,봉화,1806,20.3,27.2,14.1,69.9,
462,271,봉화,1807,25.0,30.8,19.8,228.7,
463,271,봉화,1808,24.7,30.7,19.9,319.4,
464,271,봉화,1809,17.4,23.5,12.0,111.7,
465,271,봉화,1810,9.7,17.5,3.4,88.5,
466,271,봉화,1811,4.5,12.7,-1.6,45.6,
467,271,봉화,1812,-2.1,5.0,-8.2,24.0,
468,271,봉화,1901,-3.2,4.6,-10.1,5.5,
469,271,봉화,1902,0.2,7.2,-5.7,29.5,
470,271,봉화,1903,4.7,12.7,-2.3,33.7,
471,271,봉화,1904,9.6,17.6,1.7,58.0,
472,271,봉화,1905,16.5,25.3,7.3,46.1,
473,271,봉화,1906,19.5,26.7,13.0,156.9,
474,271,봉화,1907,22.9,28.0,18.7,197.1,
475,271,봉화,1908,23.7,29.7,18.9,117.0,
476,271,봉화,1909,19.6,25.2,14.6,180.2,
477,271,봉화,1910,13.0,19.9,7.1,121.7,
478,271,봉화,1911,5.3,13.5,-1.0,46.6,
479,271,봉화,1912,0.2,6.8,-5.2,13.5,
480,271,봉화,2001,0.9,6.6,-3.8,60.7,
481,271,봉화,2002,1.8,7.8,-3.7,51.8,
482,271,봉화,2003,6.2,13.2,-0.8,17.1,
483,271,봉화,2004,8.7,16.2,1.1,30.1,
484,271,봉화,2005,15.8,21.9,9.7,114.8,
485,271,봉화,2006,20.8,26.9,15.0,115.3,
486,271,봉화,2007,20.6,24.7,17.2,272.5,
487,271,봉화,2008,23.9,28.3,20.6,434.9,
488,271,봉화,2009,17.6,22.8,13.3,153.5,
489,271,봉화,2010,10.8,18.2,4.7,1.4,
490,271,봉화,2011,6.0,12.9,-0.1,40.4,
491,271,봉화,2012,-3.4,3.3,-9.3,4.8,
492,271,봉화,2101,-4.5,1.9,-10.6,12.3,
493,271,봉화,2102,0.3,7.2,-6.1,11.6,
494,271,봉화,2103,5.9,12.2,-0.3,97.6,
495,271,봉화,2104,9.7,16.5,2.8,92.3,
496,271,봉화,2105,13.0,19.1,7.1,191.6,
497,271,봉화,2106,18.1,23.5,13.4,70.7,
498,271,봉화,2107,22.2,27.7,17.7,176.9,
499,271,봉화,2108,20.7,25.3,17.3,228.2,
500,271,봉화,2109,17.3,22.2,12.7,159.6,
501,271,봉화,2110,11.3,18.1,6.4,41.6,
502,271,봉화,2111,5.6,12.9,0.2,43.9,
503,271,봉화,2112,0.2,6.6,-5.3,2.8,
504,272,영주,1501,-0.9,3.9,-6.0,11.0,
505,272,영주,1502,0.9,6.0,-3.9,28.1,
506,272,영주,1503,6.2,13.0,-0.9,39.3,
507,272,영주,1504,12.3,18.1,6.2,83.7,
508,272,영주,1505,18.9,26.2,11.2,62.0,
509,272,영주,1506,21.9,28.7,15.7,111.6,
510,272,영주,1507,24.0,29.1,20.0,157.0,
511,272,영주,1508,24.4,31.0,19.6,43.2,
512,272,영주,1509,19.1,26.5,12.9,45.2,
513,272,영주,1510,13.6,21.1,7.2,61.0,
514,272,영주,1511,8.5,12.7,4.4,107.0,
515,272,영주,1512,1.2,6.3,-3.8,22.1,
516,272,영주,1601,-2.7,1.9,-7.7,4.0,
517,272,영주,1602,0.3,5.5,-4.6,49.9,
518,272,영주,1603,6.3,12.5,-0.3,36.9,
519,272,영주,1604,13.2,20.4,6.5,172.0,
520,272,영주,1605,18.0,25.6,10.4,91.1,
521,272,영주,1606,22.0,28.2,16.3,62.0,
522,272,영주,1607,24.2,29.6,20.2,486.3,
523,272,영주,1608,25.5,32.0,20.1,62.0,
524,272,영주,1609,19.9,25.2,15.9,111.9,
525,272,영주,1610,13.9,19.6,9.4,93.0,
526,272,영주,1611,5.8,11.6,0.2,18.9,
527,272,영주,1612,1.1,6.3,-4.3,75.3,
528,272,영주,1701,-1.7,3.6,-7.1,3.2,
529,272,영주,1702,0.1,5.8,-6.0,29.2,
530,272,영주,1703,5.3,11.8,-1.3,26.0,
531,272,영주,1704,13.3,20.0,6.1,99.5,
532,272,영주,1705,18.3,25.6,11.2,10.8,
533,272,영주,1706,21.2,28.4,14.5,53.8,
534,272,영주,1707,24.9,29.4,21.4,337.7,
535,272,영주,1708,23.8,28.7,20.0,320.5,
536,272,영주,1709,18.4,25.4,12.6,77.3,
537,272,영주,1710,13.7,20.2,8.4,73.6,
538,272,영주,1711,4.6,10.7,-1.2,8.1,
539,272,영주,1712,-2.5,2.2,-7.4,15.6,
540,272,영주,1801,-3.9,0.7,-8.3,11.5,
541,272,영주,1802,-1.6,4.1,-7.7,17.5,
542,272,영주,1803,7.3,13.4,0.6,110.0,
543,272,영주,1804,12.8,19.6,5.8,175.1,
544,272,영주,1805,17.1,23.3,10.8,162.6,
545,272,영주,1806,21.9,28.1,16.2,78.8,
546,272,영주,1807,26.0,31.6,21.0,234.2,
547,272,영주,1808,25.3,31.2,20.7,411.5,
548,272,영주,1809,18.2,23.8,13.1,166.5,
549,272,영주,1810,11.0,17.9,5.1,129.8,
550,272,영주,1811,5.8,12.6,-0.2,68.0,
551,272,영주,1812,-1.0,4.3,-6.1,26.0,
552,272,영주,1901,-1.5,3.5,-7.2,0.1,
553,272,영주,1902,1.1,6.3,-4.3,29.1,
554,272,영주,1903,6.0,12.6,-0.5,48.7,
555,272,영주,1904,11.1,17.8,4.1,64.3,
556,272,영주,1905,18.1,25.4,9.9,58.0,
557,272,영주,1906,20.9,27.4,15.0,87.7,
558,272,영주,1907,23.6,28.6,19.6,208.9,
559,272,영주,1908,24.5,30.5,20.0,93.3,
560,272,영주,1909,20.1,25.7,15.5,168.8,
561,272,영주,1910,13.9,20.2,8.2,147.6,
562,272,영주,1911,6.5,13.3,0.5,72.4,
563,272,영주,1912,0.5,6.0,-4.2,17.5,
564,272,영주,2001,1.4,6.2,-3.1,67.6,
565,272,영주,2002,2.1,7.6,-3.5,62.1,
566,272,영주,2003,7.2,13.7,0.4,16.1,
567,272,영주,2004,10.3,16.9,2.9,26.2,
568,272,영주,2005,17.1,23.0,11.4,147.2,
569,272,영주,2006,22.5,28.2,17.1,142.3,
570,272,영주,2007,21.7,25.6,18.4,445.9,
571,272,영주,2008,25.0,29.6,21.7,437.1,
572,272,영주,2009,18.7,24.2,14.1,108.3,
573,272,영주,2010,12.1,19.1,5.7,1.2,
574,272,영주,2011,6.9,12.7,1.3,40.1,
575,272,영주,2012,-1.2,3.9,-6.4,5.8,
576,272,영주,2101,-3.0,2.7,-8.5,11.4,
577,272,영주,2102,1.9,8.2,-4.1,8.2,
578,272,영주,2103,8.0,14.1,1.9,144.2,
579,272,영주,2104,12.3,18.7,5.5,118.8,
580,272,영주,2105,15.5,21.2,9.9,153.3,
581,272,영주,2106,20.9,26.4,16.0,74.2,
582,272,영주,2107,25.0,30.7,20.5,272.6,
583,272,영주,2108,23.2,28.2,19.6,270.3,
584,272,영주,2109,19.4,24.8,14.8,199.9,
585,272,영주,2110,13.3,20.0,8.0,43.5,
586,272,영주,2111,6.6,12.9,1.2,47.7,
587,272,영주,2112,0.4,6.0,-5.2,2.4,
588,273,문경,1501,-0.7,4.4,-5.2,8.7,
589,273,문경,1502,1.3,6.7,-3.4,34.1,
590,273,문경,1503,6.6,13.7,-0.5,48.1,
591,273,문경,1504,12.0,18.0,6.2,83.2,
592,273,문경,1505,18.8,25.8,11.5,44.0,
593,273,문경,1506,21.8,28.0,16.2,92.1,
594,273,문경,1507,23.6,28.6,19.7,108.0,
595,273,문경,1508,23.9,30.1,19.5,78.7,
596,273,문경,1509,18.9,25.9,13.2,37.0,
597,273,문경,1510,13.4,20.7,7.6,63.9,
598,273,문경,1511,8.4,12.2,5.0,129.2,
599,273,문경,1512,1.4,6.1,-2.9,38.3,
600,273,문경,1601,-2.1,2.4,-6.1,7.4,
601,273,문경,1602,0.3,5.6,-4.5,42.6,
602,273,문경,1603,6.5,12.7,0.4,42.1,
603,273,문경,1604,13.3,20.2,6.8,168.0,
604,273,문경,1605,18.0,25.2,10.6,73.0,
605,273,문경,1606,22.0,27.8,16.8,49.5,
606,273,문경,1607,24.1,29.3,20.4,407.6,
607,273,문경,1608,25.3,31.7,20.3,51.7,
608,273,문경,1609,19.4,24.4,15.9,140.1,
609,273,문경,1610,13.5,19.1,9.4,122.2,
610,273,문경,1611,5.5,11.1,0.7,26.0,
611,273,문경,1612,1.8,6.9,-2.9,63.6,
612,273,문경,1701,-0.7,4.7,-5.8,6.4,
613,273,문경,1702,0.9,6.8,-4.6,44.1,
614,273,문경,1703,6.4,12.8,0.2,24.3,
615,273,문경,1704,14.1,20.9,7.2,80.6,
616,273,문경,1705,19.0,26.2,12.1,25.0,
617,273,문경,1706,22.1,28.8,15.6,62.7,
618,273,문경,1707,25.3,29.8,21.9,678.7,
619,273,문경,1708,24.1,29.4,20.6,211.6,
620,273,문경,1709,19.3,26.1,13.7,89.0,
621,273,문경,1710,14.3,20.9,9.4,48.6,
622,273,문경,1711,5.6,11.9,0.1,3.6,
623,273,문경,1712,-1.4,3.9,-6.2,18.2,
624,273,문경,1801,-3.1,2.0,-7.2,22.0,
625,273,문경,1802,-0.7,5.5,-6.3,29.7,
626,273,문경,1803,7.9,14.7,1.6,116.0,
627,273,문경,1804,13.5,20.3,6.6,157.6,
628,273,문경,1805,17.8,23.8,11.5,128.1,
629,273,문경,1806,22.5,28.2,17.1,62.9,
630,273,문경,1807,26.6,32.2,21.9,174.2,
631,273,문경,1808,26.6,32.6,21.9,275.1,
632,273,문경,1809,19.2,24.7,14.5,164.9,
633,273,문경,1810,11.7,18.5,6.3,141.6,
634,273,문경,1811,6.7,13.7,1.2,56.0,
635,273,문경,1812,-0.2,5.0,-5.0,32.0,
636,273,문경,1901,-0.1,5.1,-5.2,0.1,
637,273,문경,1902,1.9,7.5,-3.2,32.0,
638,273,문경,1903,7.3,14.2,0.7,28.9,
639,273,문경,1904,12.0,18.5,5.3,100.5,
640,273,문경,1905,18.8,26.3,10.8,58.3,
641,273,문경,1906,21.3,27.8,15.6,82.5,
642,273,문경,1907,24.3,29.3,20.3,234.8,
643,273,문경,1908,25.2,31.0,20.6,142.2,
644,273,문경,1909,20.6,25.8,16.3,192.9,
645,273,문경,1910,14.5,21.0,9.3,125.9,
646,273,문경,1911,7.5,14.2,1.7,64.1,
647,273,문경,1912,1.1,6.4,-3.5,20.3,
648,273,문경,2001,2.0,6.5,-2.2,61.5,
649,273,문경,2002,2.5,8.0,-2.5,71.8,
650,273,문경,2003,7.6,14.3,0.9,15.4,
651,273,문경,2004,10.9,17.6,4.2,28.7,
652,273,문경,2005,17.4,23.5,11.5,129.3,
653,273,문경,2006,22.8,28.4,17.6,175.9,
654,273,문경,2007,21.9,25.7,19.0,595.7,
655,273,문경,2008,25.7,30.2,22.5,454.4,
656,273,문경,2009,19.0,24.5,14.8,118.4,
657,273,문경,2010,12.8,19.4,6.9,1.7,
658,273,문경,2011,7.5,12.9,2.4,38.4,
659,273,문경,2012,-0.5,4.9,-5.2,3.2,
660,273,문경,2101,-2.2,3.4,-7.4,13.4,
661,273,문경,2102,2.7,8.9,-3.3,10.7,
662,273,문경,2103,8.5,14.4,2.5,107.1,
663,273,문경,2104,12.9,19.1,6.5,90.8,
664,273,문경,2105,15.9,21.6,10.2,178.4,
665,273,문경,2106,21.3,26.8,16.6,86.5,
666,273,문경,2107,25.3,30.7,21.2,332.7,
667,273,문경,2108,23.6,28.4,20.3,272.8,
668,273,문경,2109,19.9,25.1,16.0,199.2,
669,273,문경,2110,14.0,20.3,9.1,36.7,
670,273,문경,2111,7.5,13.5,2.4,36.5,
671,273,문경,2112,1.1,6.5,-4.1,2.5,
672,276,청송군,1501,-1.6,4.7,-7.2,15.6,283.79
673,276,청송군,1502,0.3,6.8,-5.2,11.1,329.48
674,276,청송군,1503,5.2,13.9,-2.6,38.5,548.38
675,276,청송군,1504,11.2,18.8,4.6,78.2,457.43
676,276,청송군,1505,17.4,26.6,8.5,22.5,726.86
677,276,청송군,1506,20.2,27.7,13.6,85.4,512.06
678,276,청송군,1507,23.2,28.8,18.6,90.7,551.46
679,276,청송군,1508,23.7,30.7,18.9,151.7,542.98
680,276,청송군,1509,17.7,24.8,12.8,55.1,452.35
681,276,청송군,1510,12.2,21.1,5.3,45.0,430.0
682,276,청송군,1511,8.0,13.3,4.0,95.5,166.86
683,276,청송군,1512,1.4,7.4,-3.8,18.0,210.34
684,276,청송군,1601,-3.0,3.0,-8.7,8.6,269.05
685,276,청송군,1602,0.0,7.0,-6.2,21.0,344.0
686,276,청송군,1603,5.4,13.4,-1.7,43.5,468.14
687,276,청송군,1604,12.3,20.2,5.0,132.1,527.74
688,276,청송군,1605,16.9,25.8,8.5,47.8,686.16
689,276,청송군,1606,21.2,27.9,15.1,44.2,571.05
690,276,청송군,1607,24.0,29.8,19.5,235.7,528.95
691,276,청송군,1608,24.6,31.9,19.4,67.1,595.73
692,276,청송군,1609,19.6,24.6,16.3,254.5,310.18
693,276,청송군,1610,13.8,19.5,10.1,99.5,274.38
694,276,청송군,1611,5.5,12.5,-0.2,14.0,249.8
695,276,청송군,1612,1.0,7.5,-4.8,40.0,234.08
696,276,청송군,1701,-2.1,4.6,-8.2,2.5,300.47
697,276,청송군,1702,-0.1,7.2,-7.2,22.0,386.06
698,276,청송군,1703,4.4,12.5,-2.0,19.5,473.94
699,276,청송군,1704,12.4,20.5,4.7,81.1,573.31
700,276,청송군,1705,17.5,26.0,9.3,22.1,665.08
701,276,청송군,1706,20.3,29.0,12.8,15.7,652.55
702,276,청송군,1707,24.9,30.7,20.5,336.7,478.9
703,276,청송군,1708,23.9,30.2,19.5,112.2,488.41
704,276,청송군,1709,18.0,25.3,12.7,94.1,451.62
705,276,청송군,1710,13.1,19.6,8.7,67.0,294.2
706,276,청송군,1711,4.3,12.2,-2.3,0.7,302.47
707,276,청송군,1712,-2.6,4.0,-8.7,10.3,275.97
708,276,청송군,1801,-4.0,2.2,-9.7,13.1,299.46
709,276,청송군,1802,-2.1,5.5,-9.2,16.5,362.2
710,276,청송군,1803,6.3,13.8,-0.7,112.5,473.31
711,276,청송군,1804,12.2,20.0,4.6,133.0,565.62
712,276,청송군,1805,16.8,23.5,10.2,93.0,586.6
713,276,청송군,1806,20.7,27.7,14.7,58.8,561.25
714,276,청송군,1807,25.7,31.7,20.7,229.7,619.03
715,276,청송군,1808,25.4,31.8,20.6,155.6,534.08
716,276,청송군,1809,18.4,24.0,14.0,107.9,367.1
717,276,청송군,1810,10.9,18.2,5.6,165.1,398.14
718,276,청송군,1811,5.4,13.4,-0.4,33.0,280.45
719,276,청송군,1812,-1.2,5.3,-7.0,21.5,267.29
720,276,청송군,1901,-1.7,4.9,-8.1,10.0,320.71
721,276,청송군,1902,0.9,7.6,-5.1,20.5,352.55
722,276,청송군,1903,5.7,13.5,-1.0,41.0,474.63
723,276,청송군,1904,10.2,17.9,2.7,74.0,510.8
724,276,청송군,1905,17.1,25.8,8.1,36.0,717.97
725,276,청송군,1906,19.6,26.7,13.5,187.0,606.1
726,276,청송군,1907,23.4,28.4,19.3,100.2,492.74
727,276,청송군,1908,24.5,30.2,20.0,121.0,572.43
728,276,청송군,1909,20.0,25.5,15.9,168.0,374.38
729,276,청송군,1910,13.4,20.2,8.4,175.1,360.61
730,276,청송군,1911,6.4,14.4,0.5,28.2,285.96
731,276,청송군,1912,0.3,7.2,-5.2,21.8,267.34
732,276,청송군,2001,0.7,6.6,-4.1,95.2,241.96
733,276,청송군,2002,1.7,8.4,-4.3,54.1,348.21
734,276,청송군,2003,6.5,14.4,-0.9,14.5,514.07
735,276,청송군,2004,9.5,17.5,1.7,39.5,613.66
736,276,청송군,2005,16.7,23.9,10.0,50.5,633.12
737,276,청송군,2006,21.9,29.3,15.2,117.1,634.15
738,276,청송군,2007,21.2,26.1,17.6,389.6,407.68
739,276,청송군,2008,25.7,31.6,21.9,249.2,486.84
740,276,청송군,2009,18.5,24.7,14.0,221.5,395.94
741,276,청송군,2010,11.6,20.0,5.7,4.5,420.68
742,276,청송군,2011,6.4,14.0,-0.1,48.1,283.3
743,276,청송군,2012,-2.4,5.0,-8.7,2.0,296.73
744,276,청송군,2101,-3.1,4.0,-9.6,8.6,313.73
745,276,청송군,2102,1.4,9.3,-5.7,13.0,388.07
746,276,청송군,2103,6.9,14.3,-0.2,96.5,476.58
747,276,청송군,2104,11.1,19.1,3.4,74.2,607.72
748,276,청송군,2105,15.1,22.3,8.4,125.4,573.12
749,276,청송군,2106,20.5,26.9,15.0,70.1,576.7
750,276,청송군,2107,24.8,31.1,20.1,155.6,638.35
751,276,청송군,2108,23.8,28.9,20.2,195.4,436.38
752,276,청송군,2109,19.7,25.1,15.7,142.7,379.36
753,276,청송군,2110,13.1,21.1,8.2,59.9,373.81
754,276,청송군,2111,5.5,14.1,-0.4,39.0,301.99
755,276,청송군,2112,-0.3,7.2,-6.4,7.3,308.05
756,277,영덕,1501,1.8,6.5,-2.5,9.9,
757,277,영덕,1502,2.9,8.2,-1.9,9.1,
758,277,영덕,1503,7.6,13.8,1.8,36.5,
759,277,영덕,1504,12.5,18.2,7.3,85.5,
760,277,영덕,1505,19.1,25.7,12.6,12.1,
761,277,영덕,1506,20.1,26.5,15.2,103.6,
762,277,영덕,1507,23.3,27.8,19.6,98.0,
763,277,영덕,1508,25.3,31.1,21.0,111.1,
764,277,영덕,1509,19.3,24.6,15.3,82.0,
765,277,영덕,1510,14.8,21.1,9.3,16.5,
766,277,영덕,1511,10.3,14.5,6.8,220.5,
767,277,영덕,1512,4.9,9.7,0.8,26.5,
768,277,영덕,1601,0.5,4.8,-3.8,12.5,
769,277,영덕,1602,2.8,7.8,-1.6,18.1,
770,277,영덕,1603,7.4,13.4,1.9,27.1,
771,277,영덕,1604,13.0,18.9,7.2,158.5,
772,277,영덕,1605,18.5,25.4,11.9,27.1,
773,277,영덕,1606,21.7,27.4,17.3,56.3,
774,277,영덕,1607,24.5,29.4,20.8,173.2,
775,277,영덕,1608,25.7,31.6,21.6,69.6,
776,277,영덕,1609,20.8,25.0,17.7,322.6,
777,277,영덕,1610,16.0,20.6,12.3,136.2,
778,277,영덕,1611,9.2,14.6,4.5,44.3,
779,277,영덕,1612,5.0,9.9,0.8,42.8,
780,277,영덕,1701,1.8,6.5,-2.3,21.5,
781,277,영덕,1702,3.4,9.2,-1.7,16.0,
782,277,영덕,1703,7.3,13.4,1.9,9.0,
783,277,영덕,1704,14.8,21.0,9.2,57.0,
784,277,영덕,1705,19.4,26.1,12.9,15.9,
785,277,영덕,1706,20.8,27.2,15.3,34.8,
786,277,영덕,1707,26.4,31.3,22.7,172.4,
787,277,영덕,1708,24.4,29.4,20.9,322.1,
788,277,영덕,1709,20.5,26.2,15.7,103.8,
789,277,영덕,1710,15.6,20.7,11.8,121.2,
790,277,영덕,1711,8.8,14.6,3.5,0.1,
791,277,영덕,1712,0.9,6.0,-4.1,6.5,
792,277,영덕,1801,-0.4,4.5,-4.7,12.0,
793,277,영덕,1802,1.1,6.9,-4.4,30.0,
794,277,영덕,1803,9.1,14.3,3.6,105.5,
795,277,영덕,1804,13.9,20.5,7.9,149.6,
796,277,영덕,1805,17.2,22.9,12.4,71.4,
797,277,영덕,1806,22.0,28.2,16.9,29.3,
798,277,영덕,1807,26.1,31.4,22.1,211.6,
799,277,영덕,1808,25.9,30.8,22.2,196.2,
800,277,영덕,1809,20.1,24.7,16.2,140.5,
801,277,영덕,1810,13.6,19.7,8.9,358.1,
802,277,영덕,1811,9.2,15.5,4.1,42.2,
803,277,영덕,1812,2.9,7.9,-1.7,19.0,
804,277,영덕,1901,2.5,7.6,-1.8,9.5,
805,277,영덕,1902,4.3,9.7,-0.3,17.1,
806,277,영덕,1903,8.7,14.8,3.1,18.6,
807,277,영덕,1904,11.9,18.2,6.3,103.5,
808,277,영덕,1905,19.4,26.3,12.7,24.9,
809,277,영덕,1906,20.4,26.0,15.9,242.2,
810,277,영덕,1907,24.9,29.5,21.5,130.7,
811,277,영덕,1908,26.0,31.0,22.4,152.6,
812,277,영덕,1909,22.0,26.7,17.9,175.0,
813,277,영덕,1910,16.4,22.0,11.9,455.5,
814,277,영덕,1911,10.1,16.4,5.1,105.2,
815,277,영덕,1912,4.5,10.0,0.2,21.1,
816,277,영덕,2001,4.2,8.8,0.7,118.4,
817,277,영덕,2002,4.7,10.0,0.1,51.6,
818,277,영덕,2003,8.4,14.4,2.7,14.3,
819,277,영덕,2004,11.5,18.2,5.5,40.0,
820,277,영덕,2005,17.2,22.3,12.4,56.1,
821,277,영덕,2006,22.1,27.6,17.4,165.6,
822,277,영덕,2007,21.0,24.8,18.3,507.5,
823,277,영덕,2008,26.2,30.8,22.8,123.3,
824,277,영덕,2009,19.6,24.4,16.1,205.7,
825,277,영덕,2010,14.5,20.5,9.8,1.5,
826,277,영덕,2011,10.1,15.2,5.5,24.6,
827,277,영덕,2012,2.6,7.4,-2.2,0.2,
828,277,영덕,2101,0.6,5.8,-4.4,8.1,
829,277,영덕,2102,4.9,10.8,-1.0,8.4,
830,277,영덕,2103,9.2,14.9,3.7,73.9,
831,277,영덕,2104,12.2,18.1,6.6,68.6,
832,277,영덕,2105,16.2,21.8,11.1,130.7,
833,277,영덕,2106,20.4,25.1,16.3,58.6,
834,277,영덕,2107,24.7,29.4,21.1,139.2,
835,277,영덕,2108,23.8,27.8,20.8,456.7,
836,277,영덕,2109,20.6,24.9,17.2,159.5,
837,277,영덕,2110,15.4,21.1,11.1,148.1,
838,277,영덕,2111,9.9,15.5,5.3,35.2,
839,277,영덕,2112,3.7,8.8,-1.2,0.0,
840,278,의성,1501,-2.0,5.2,-8.2,20.0,
841,278,의성,1502,0.2,7.6,-6.2,13.5,
842,278,의성,1503,5.3,14.1,-3.1,40.7,
843,278,의성,1504,11.8,19.4,4.9,61.2,
844,278,의성,1505,18.1,27.1,8.6,22.5,
845,278,의성,1506,21.4,28.4,15.0,87.7,
846,278,의성,1507,24.4,30.1,19.6,75.0,
847,278,의성,1508,24.8,31.6,19.9,92.5,
848,278,의성,1509,19.0,26.7,12.7,41.0,
849,278,의성,1510,12.7,22.2,5.3,42.9,
850,278,의성,1511,8.7,13.9,4.3,82.7,
851,278,의성,1512,1.2,8.2,-4.4,16.8,
852,278,의성,1601,-3.3,4.1,-9.8,5.3,
853,278,의성,1602,0.1,8.1,-7.0,17.3,
854,278,의성,1603,6.3,14.9,-1.4,52.6,
855,278,의성,1604,13.4,21.8,5.7,147.1,
856,278,의성,1605,18.3,27.3,9.5,63.0,
857,278,의성,1606,22.7,29.3,16.4,42.8,
858,278,의성,1607,25.8,31.7,20.9,232.8,
859,278,의성,1608,26.6,34.0,20.8,83.0,
860,278,의성,1609,21.1,26.3,17.0,230.5,
861,278,의성,1610,15.0,20.8,11.0,98.5,
862,278,의성,1611,6.0,13.5,-0.2,12.6,
863,278,의성,1612,0.9,8.1,-5.1,32.0,
864,278,의성,1701,-2.2,6.0,-9.3,2.1,
865,278,의성,1702,0.1,8.3,-8.0,23.5,
866,278,의성,1703,5.4,14.0,-2.3,21.1,
867,278,의성,1704,13.2,22.0,4.6,78.2,
868,278,의성,1705,18.2,27.3,9.3,40.3,
869,278,의성,1706,22.1,30.8,14.3,28.2,
870,278,의성,1707,26.1,31.8,21.9,242.8,
871,278,의성,1708,25.0,30.8,20.5,121.2,
872,278,의성,1709,19.2,27.0,12.9,74.7,
873,278,의성,1710,14.0,21.4,8.7,49.0,
874,278,의성,1711,4.4,13.7,-3.2,0.5,
875,278,의성,1712,-2.4,5.7,-9.5,10.1,
876,278,의성,1801,-3.6,3.9,-10.1,14.0,
877,278,의성,1802,-1.9,7.2,-10.3,20.0,
878,278,의성,1803,7.5,16.0,-0.1,111.6,
879,278,의성,1804,13.5,21.9,5.1,121.5,
880,278,의성,1805,18.4,25.7,11.0,104.5,
881,278,의성,1806,22.7,29.9,16.0,70.4,
882,278,의성,1807,27.7,34.2,22.3,197.6,
883,278,의성,1808,27.8,34.6,22.1,180.0,
884,278,의성,1809,19.9,26.3,14.7,101.7,
885,278,의성,1810,11.8,20.3,5.3,113.0,
886,278,의성,1811,6.1,15.3,0.0,22.7,
887,278,의성,1812,-0.9,6.9,-7.2,22.4,
888,278,의성,1901,-1.8,6.8,-8.9,5.0,
889,278,의성,1902,1.5,9.3,-5.3,23.0,
890,278,의성,1903,6.9,15.7,-1.1,22.6,
891,278,의성,1904,11.8,19.9,3.9,83.1,
892,278,의성,1905,18.6,28.1,9.1,39.7,
893,278,의성,1906,22.1,29.5,15.4,100.6,
894,278,의성,1907,25.2,30.7,20.5,103.3,
895,278,의성,1908,26.5,32.7,21.5,131.5,
896,278,의성,1909,21.8,27.7,17.1,155.1,
897,278,의성,1910,14.7,22.7,8.5,125.6,
898,278,의성,1911,7.1,16.1,0.4,21.6,
899,278,의성,1912,0.6,8.8,-5.4,20.2,
900,278,의성,2001,1.2,8.2,-4.0,58.9,
901,278,의성,2002,2.1,9.5,-4.3,54.8,
902,278,의성,2003,7.2,15.6,-1.0,17.1,
903,278,의성,2004,10.3,19.0,1.6,35.2,
904,278,의성,2005,17.7,25.0,10.6,54.9,
905,278,의성,2006,23.1,30.1,16.6,144.3,
906,278,의성,2007,22.5,26.9,19.0,373.8,
907,278,의성,2008,26.8,32.0,23.0,222.3,
908,278,의성,2009,19.5,25.8,14.7,116.5,
909,278,의성,2010,12.3,20.8,5.5,4.6,
910,278,의성,2011,6.5,14.7,-0.3,45.1,
911,278,의성,2012,-2.2,6.3,-8.6,1.4,
912,278,의성,2101,-2.9,5.1,-9.9,8.6,
913,278,의성,2102,1.9,10.5,-5.6,14.6,
914,278,의성,2103,8.0,15.6,0.9,100.4,
915,278,의성,2104,12.7,20.8,4.6,72.4,
916,278,의성,2105,16.2,23.3,9.3,121.2,
917,278,의성,2106,21.7,28.2,16.2,62.6,
918,278,의성,2107,25.8,32.4,20.8,134.5,
919,278,의성,2108,24.5,29.9,21.1,220.9,
920,278,의성,2109,20.5,26.2,16.1,125.9,
921,278,의성,2110,13.8,21.7,8.5,54.2,
922,278,의성,2111,6.2,14.9,0.1,46.3,
923,278,의성,2112,0.1,8.1,-6.2,0.1,
924,279,구미,1501,0.8,5.8,-3.8,22.3,
925,279,구미,1502,2.6,8.2,-2.2,25.4,
926,279,구미,1503,7.8,14.9,1.1,50.0,
927,279,구미,1504,13.6,19.9,7.8,81.8,
928,279,구미,1505,20.7,27.5,13.3,25.0,
929,279,구미,1506,23.3,29.0,17.8,66.5,
930,279,구미,1507,25.1,29.8,21.3,154.4,
931,279,구미,1508,25.5,31.0,21.4,102.9,
932,279,구미,1509,20.4,26.4,15.3,75.3,
933,279,구미,1510,15.2,22.1,9.4,49.2,
934,279,구미,1511,10.4,14.3,7.0,88.3,
935,279,구미,1512,3.6,7.9,-0.5,37.9,
936,279,구미,1601,-0.3,4.2,-4.6,16.6,
937,279,구미,1602,2.5,8.0,-2.6,23.7,
938,279,구미,1603,8.3,14.5,2.4,50.5,
939,279,구미,1604,14.9,21.4,9.0,163.7,
940,279,구미,1605,19.7,26.5,13.0,59.4,
941,279,구미,1606,23.5,28.6,18.6,29.0,
942,279,구미,1607,26.1,31.0,22.1,325.4,
943,279,구미,1608,27.3,33.1,22.5,114.7,
944,279,구미,1609,21.4,25.6,18.2,238.5,
945,279,구미,1610,15.7,20.3,12.1,155.1,
946,279,구미,1611,7.7,13.2,3.0,12.0,
947,279,구미,1612,3.1,7.8,-1.4,19.4,
948,279,구미,1701,0.5,6.0,-4.6,4.7,
949,279,구미,1702,2.6,8.5,-2.9,30.8,
950,279,구미,1703,7.6,14.0,1.5,25.1,
951,279,구미,1704,15.1,22.1,8.2,56.2,
952,279,구미,1705,20.3,27.2,13.3,14.8,
953,279,구미,1706,23.5,30.0,17.7,55.4,
954,279,구미,1707,26.9,31.6,23.4,123.4,
955,279,구미,1708,25.6,30.4,21.6,228.2,
956,279,구미,1709,20.4,26.6,15.2,81.0,
957,279,구미,1710,15.3,21.0,10.9,54.7,
958,279,구미,1711,6.9,13.2,1.3,1.2,
959,279,구미,1712,0.2,5.5,-4.5,13.1,
960,279,구미,1801,-1.3,3.9,-5.6,19.0,
961,279,구미,1802,0.7,6.9,-4.9,32.3,
962,279,구미,1803,8.9,15.6,2.8,131.4,
963,279,구미,1804,14.5,21.2,8.1,120.8,
964,279,구미,1805,19.1,24.9,13.3,109.1,
965,279,구미,1806,23.4,28.7,18.4,150.4,
966,279,구미,1807,27.5,32.5,23.3,262.8,
967,279,구미,1808,27.7,32.9,23.0,258.2,
968,279,구미,1809,20.3,25.3,16.2,129.5,
969,279,구미,1810,13.1,19.2,8.2,158.5,
970,279,구미,1811,7.7,14.3,2.6,15.2,
971,279,구미,1812,1.2,6.3,-3.2,22.9,
972,279,구미,1901,1.0,6.5,-3.9,6.0,
973,279,구미,1902,3.4,9.0,-1.5,23.3,
974,279,구미,1903,8.9,15.4,2.6,21.4,
975,279,구미,1904,13.2,19.4,7.2,109.6,
976,279,구미,1905,20.0,27.1,12.6,53.3,
977,279,구미,1906,22.7,28.5,17.6,113.2,
978,279,구미,1907,25.2,29.7,21.4,174.1,
979,279,구미,1908,26.4,31.4,22.5,146.9,
980,279,구미,1909,21.9,26.6,18.2,219.4,
981,279,구미,1910,15.7,21.5,11.1,227.5,
982,279,구미,1911,8.8,15.3,3.6,20.4,
983,279,구미,1912,2.6,8.3,-1.9,18.1,
984,279,구미,2001,3.3,8.0,-0.5,61.0,
985,279,구미,2002,4.3,10.1,-0.7,56.5,
986,279,구미,2003,9.1,15.9,2.8,19.9,
987,279,구미,2004,12.4,19.3,5.7,36.4,
988,279,구미,2005,19.1,25.3,13.4,67.4,
989,279,구미,2006,24.1,29.8,19.0,198.1,
990,279,구미,2007,23.0,27.0,20.0,434.0,
991,279,구미,2008,27.3,31.8,23.7,401.0,
992,279,구미,2009,20.3,25.6,16.1,152.5,
993,279,구미,2010,14.3,21.0,8.7,6.0,
994,279,구미,2011,8.7,14.9,3.5,34.2,
995,279,구미,2012,0.9,7.0,-3.9,2.5,
996,279,구미,2101,-0.4,5.5,-5.5,9.8,
997,279,구미,2102,3.9,10.9,-1.9,14.7,
998,279,구미,2103,9.8,16.0,4.0,89.7,
999,279,구미,2104,14.5,21.1,8.1,46.9,
1000,279,구미,2105,17.7,23.9,12.1,121.3,
1001,279,구미,2106,23.2,28.6,18.3,44.2,
1002,279,구미,2107,26.5,32.1,22.1,259.7,
1003,279,구미,2108,24.9,29.8,21.6,290.0,
1004,279,구미,2109,21.2,26.1,17.5,115.9,
1005,279,구미,2110,15.2,21.8,10.4,50.0,
1006,279,구미,2111,8.5,15.2,3.3,55.7,
1007,279,구미,2112,2.3,8.6,-2.8,0.1,
1008,281,영천,1501,0.7,6.4,-4.4,18.1,
1009,281,영천,1502,2.3,8.9,-3.2,10.7,
1010,281,영천,1503,7.0,14.9,-0.6,47.3,
1011,281,영천,1504,12.7,19.3,6.4,84.0,
1012,281,영천,1505,19.3,26.9,11.4,31.6,
1013,281,영천,1506,21.5,27.5,16.2,96.1,
1014,281,영천,1507,24.5,29.4,20.3,182.5,
1015,281,영천,1508,25.6,31.4,21.0,142.5,
1016,281,영천,1509,19.8,25.9,14.7,72.5,
1017,281,영천,1510,14.4,22.3,7.6,41.0,
1018,281,영천,1511,10.4,15.1,6.2,78.7,
1019,281,영천,1512,3.6,9.1,-1.3,33.7,
1020,281,영천,1601,-0.7,4.7,-5.8,22.5,
1021,281,영천,1602,2.3,8.7,-3.3,17.3,
1022,281,영천,1603,7.7,14.7,1.2,75.9,
1023,281,영천,1604,14.0,20.9,7.6,174.5,
1024,281,영천,1605,19.0,26.6,11.3,62.6,
1025,281,영천,1606,22.6,28.0,17.6,49.4,
1026,281,영천,1607,26.1,31.3,21.8,183.5,
1027,281,영천,1608,26.9,33.1,21.7,89.2,
1028,281,영천,1609,21.4,25.9,17.9,342.2,
1029,281,영천,1610,16.0,21.3,11.9,108.7,
1030,281,영천,1611,7.9,14.4,2.4,13.8,
1031,281,영천,1612,3.4,9.4,-2.2,35.6,
1032,281,영천,1701,0.5,6.7,-5.1,2.8,
1033,281,영천,1702,2.5,9.1,-3.7,28.5,
1034,281,영천,1703,6.9,14.3,0.1,32.0,
1035,281,영천,1704,14.6,21.9,7.1,79.6,
1036,281,영천,1705,19.9,27.5,12.3,24.6,
1037,281,영천,1706,22.5,29.7,16.1,14.6,
1038,281,영천,1707,27.3,32.9,22.9,181.3,
1039,281,영천,1708,25.7,31.1,21.4,191.7,
1040,281,영천,1709,20.5,27.0,14.7,90.5,
1041,281,영천,1710,15.5,21.5,10.6,58.2,
1042,281,영천,1711,6.8,14.5,-0.2,0.1,
1043,281,영천,1712,-0.2,6.1,-5.9,10.0,
1044,281,영천,1801,-1.6,4.3,-6.6,18.6,
1045,281,영천,1802,0.2,7.6,-6.7,24.5,
1046,281,영천,1803,8.5,15.4,1.4,115.7,
1047,281,영천,1804,14.3,21.5,7.0,112.0,
1048,281,영천,1805,18.5,24.7,12.4,83.4,
1049,281,영천,1806,22.7,28.7,17.1,104.5,
1050,281,영천,1807,27.7,33.3,22.8,156.6,
1051,281,영천,1808,27.1,32.7,22.6,243.2,
1052,281,영천,1809,20.4,25.6,16.1,107.1,
1053,281,영천,1810,13.4,20.4,7.4,144.7,
1054,281,영천,1811,7.5,15.6,0.9,15.0,
1055,281,영천,1812,1.2,7.3,-3.8,24.5,
1056,281,영천,1901,1.1,7.7,-4.8,11.9,
1057,281,영천,1902,3.3,9.8,-2.3,25.3,
1058,281,영천,1903,8.5,15.9,1.3,20.2,
1059,281,영천,1904,12.8,19.6,5.9,79.5,
1060,281,영천,1905,19.5,27.7,11.3,23.0,
1061,281,영천,1906,21.9,28.2,16.3,242.1,
1062,281,영천,1907,25.4,30.0,21.4,105.7,
1063,281,영천,1908,26.7,32.1,22.5,174.4,
1064,281,영천,1909,22.1,27.2,17.9,157.0,
1065,281,영천,1910,15.9,22.2,10.6,142.4,
1066,281,영천,1911,8.8,16.4,2.4,26.0,
1067,281,영천,1912,2.6,9.6,-2.9,30.5,
1068,281,영천,2001,3.3,8.7,-1.1,101.3,
1069,281,영천,2002,4.2,10.4,-1.5,55.4,
1070,281,영천,2003,8.2,15.0,1.2,21.1,
1071,281,영천,2004,11.3,18.5,3.9,36.5,
1072,281,영천,2005,18.0,24.4,12.0,46.4,
1073,281,영천,2006,23.0,29.1,17.3,142.0,
1074,281,영천,2007,22.0,25.8,18.9,338.5,
1075,281,영천,2008,27.0,31.9,23.3,246.9,
1076,281,영천,2009,19.8,25.0,15.5,201.6,
1077,281,영천,2010,13.8,20.6,8.1,11.1,
1078,281,영천,2011,8.3,14.9,2.2,32.8,
1079,281,영천,2012,0.6,7.1,-5.1,0.9,
1080,281,영천,2101,-0.5,5.6,-6.1,11.9,
1081,281,영천,2102,4.1,11.0,-2.3,15.5,
1082,281,영천,2103,8.9,15.3,2.4,99.7,
1083,281,영천,2104,13.0,19.8,6.5,66.5,
1084,281,영천,2105,16.8,23.2,10.8,93.7,
1085,281,영천,2106,21.7,27.2,16.9,28.7,
1086,281,영천,2107,25.4,30.8,21.1,271.4,
1087,281,영천,2108,24.5,29.1,21.1,272.0,
1088,281,영천,2109,20.8,25.4,17.1,120.4,
1089,281,영천,2110,14.8,21.8,9.5,63.7,
1090,281,영천,2111,7.9,15.5,2.1,50.6,
1091,281,영천,2112,1.9,8.5,-4.0,0.1,
1092,283,경주시,1501,1.1,6.7,-3.8,22.3,267.69
1093,283,경주시,1502,2.4,8.7,-3.1,12.6,307.5
1094,283,경주시,1503,7.0,14.7,-0.2,47.5,510.77
1095,283,경주시,1504,12.3,19.1,6.1,110.3,418.22
1096,283,경주시,1505,19.1,27.0,11.7,41.6,665.57
1097,283,경주시,1506,21.2,27.4,16.1,77.7,460.68
1098,283,경주시,1507,24.0,29.0,20.0,224.7,454.91
1099,283,경주시,1508,25.4,31.5,20.9,171.6,476.03
1100,283,경주시,1509,19.8,25.6,15.6,104.2,403.99
1101,283,경주시,1510,14.4,22.6,8.0,37.7,412.22
1102,283,경주시,1511,10.6,15.3,6.8,79.3,171.89
1103,283,경주시,1512,4.7,9.8,-0.2,47.2,214.05
1104,283,경주시,1601,-0.3,4.9,-4.9,38.1,242.58
1105,283,경주시,1602,2.9,8.6,-2.5,14.0,340.29
1106,283,경주시,1603,7.6,14.1,1.8,64.5,401.25
1107,283,경주시,1604,13.7,20.1,7.8,159.6,464.14
1108,283,경주시,1605,19.0,26.4,12.0,50.5,644.57
1109,283,경주시,1606,22.4,27.9,17.6,40.9,489.07
1110,283,경주시,1607,25.7,31.3,21.5,168.1,508.64
1111,283,경주시,1608,26.7,33.3,21.8,50.7,575.67
1112,283,경주시,1609,21.3,25.7,18.1,451.5,283.83
1113,283,경주시,1610,16.0,21.5,11.9,146.9,283.3
1114,283,경주시,1611,8.4,14.5,3.1,21.9,254.24
1115,283,경주시,1612,4.1,10.0,-1.3,44.7,246.8
1116,283,경주시,1701,1.0,6.9,-4.3,2.0,303.7
1117,283,경주시,1702,3.0,9.3,-3.1,22.6,378.91
1118,283,경주시,1703,6.8,13.9,0.5,21.3,471.77
1119,283,경주시,1704,14.6,21.5,7.2,66.4,551.16
1120,283,경주시,1705,19.7,27.5,12.3,31.1,646.25
1121,283,경주시,1706,22.2,29.4,16.3,25.6,638.15
1122,283,경주시,1707,27.5,33.3,23.0,125.3,467.85
1123,283,경주시,1708,25.5,30.7,21.7,119.4,315.75
1124,283,경주시,1709,20.3,26.8,14.9,114.3,
1125,283,경주시,1710,15.6,21.5,11.0,49.7,76.76
1126,283,경주시,1711,7.5,15.6,0.3,0.0,194.23
1127,283,경주시,1712,0.5,6.9,-5.4,13.0,179.2
1128,283,경주시,1801,-0.8,4.8,-5.6,22.0,190.59
1129,283,경주시,1802,1.0,7.7,-5.7,30.1,215.01
1130,283,경주시,1803,8.5,15.3,2.0,137.3,273.81
1131,283,경주시,1804,14.3,21.2,7.5,115.3,529.12
1132,283,경주시,1805,18.2,23.9,12.7,69.3,520.32
1133,283,경주시,1806,22.3,28.1,17.0,124.6,510.33
1134,283,경주시,1807,26.9,32.5,22.5,216.1,572.11
1135,283,경주시,1808,26.6,32.4,22.4,207.0,505.17
1136,283,경주시,1809,20.3,25.2,16.5,121.6,331.02
1137,283,경주시,1810,13.7,20.9,8.1,223.2,396.81
1138,283,경주시,1811,8.3,16.2,2.1,15.2,283.41
1139,283,경주시,1812,2.3,8.2,-2.7,22.0,256.42
1140,283,경주시,1901,2.0,8.4,-3.8,13.0,318.34
1141,283,경주시,1902,3.8,10.2,-1.4,25.5,335.74
1142,283,경주시,1903,8.8,15.8,2.3,30.0,484.72
1143,283,경주시,1904,12.4,19.3,6.0,85.7,485.91
1144,283,경주시,1905,19.2,27.2,11.4,20.9,629.39
1145,283,경주시,1906,21.4,27.2,16.5,175.0,499.4
1146,283,경주시,1907,24.8,29.7,21.1,159.2,419.58
1147,283,경주시,1908,26.1,31.8,22.1,184.9,453.13
1148,283,경주시,1909,21.8,27.1,17.7,253.0,314.99
1149,283,경주시,1910,15.9,22.1,11.0,241.5,308.6
1150,283,경주시,1911,9.3,16.6,3.3,19.5,249.13
1151,283,경주시,1912,3.4,10.0,-1.8,31.6,240.45
1152,283,경주시,2001,3.9,8.8,-0.3,161.6,211.09
1153,283,경주시,2002,4.6,10.9,-0.7,43.1,319.73
1154,283,경주시,2003,8.7,15.7,2.1,24.5,443.15
1155,283,경주시,2004,11.8,18.9,4.8,53.4,551.41
1156,283,경주시,2005,18.5,25.2,12.9,39.9,555.77
1157,283,경주시,2006,23.5,29.9,18.1,186.0,550.19
1158,283,경주시,2007,22.4,26.4,19.5,381.5,323.02
1159,283,경주시,2008,27.6,33.1,23.5,137.8,469.03
1160,283,경주시,2009,20.2,25.6,16.2,314.5,331.31
1161,283,경주시,2010,14.7,21.5,9.2,7.9,366.89
1162,283,경주시,2011,9.2,15.6,3.3,19.6,276.36
1163,283,경주시,2012,1.5,7.7,-3.9,1.8,312.86
1164,283,경주시,2101,0.0,6.3,-5.6,19.3,315.05
1165,283,경주시,2102,4.7,11.6,-1.7,20.2,376.5
1166,283,경주시,2103,9.2,15.8,3.1,89.9,472.04
1167,283,경주시,2104,13.1,19.9,6.6,45.2,593.36
1168,283,경주시,2105,17.4,23.8,11.5,93.6,598.59
1169,283,경주시,2106,22.3,27.5,17.7,30.1,543.72
1170,283,경주시,2107,26.1,31.1,21.9,175.2,568.01
1171,283,경주시,2108,25.0,29.9,21.7,359.0,435.54
1172,283,경주시,2109,21.4,26.0,17.9,143.5,355.94
1173,283,경주시,2110,15.7,22.5,10.6,93.4,384.37
1174,283,경주시,2111,8.7,16.4,2.6,40.4,319.64
1175,283,경주시,2112,2.6,9.5,-3.2,2.3,312.27
1176,801,영양,1501,-1.6,4.9,-7.6,9.0,
1177,801,영양,1502,0.3,6.9,-5.6,9.0,
1178,801,영양,1503,5.1,13.5,-2.5,39.5,
1179,801,영양,1504,11.3,18.2,4.9,64.5,
1180,801,영양,1505,17.7,26.3,9.2,24.0,
1181,801,영양,1506,20.4,27.6,14.1,68.5,
1182,801,영양,1507,23.4,28.7,19.0,123.0,
1183,801,영양,1508,24.0,30.6,19.2,62.5,
1184,801,영양,1509,18.3,24.8,13.3,31.5,
1185,801,영양,1510,12.7,21.0,5.7,32.5,
1186,801,영양,1511,8.2,13.0,4.0,88.0,
1187,801,영양,1512,1.3,7.4,-3.8,18.5,
1188,801,영양,1601,-3.4,2.9,-9.4,5.5,
1189,801,영양,1602,-0.2,6.7,-6.7,18.5,
1190,801,영양,1603,5.5,13.1,-1.6,47.5,
1191,801,영양,1604,12.1,19.6,5.2,145.0,
1192,801,영양,1605,17.1,25.5,8.9,44.0,
1193,801,영양,1606,21.2,27.9,15.2,31.5,
1194,801,영양,1607,24.0,29.6,19.6,282.0,
1195,801,영양,1608,24.7,31.5,19.9,126.0,
1196,801,영양,1609,20.0,24.9,16.4,244.0,
1197,801,영양,1610,14.3,19.8,10.6,90.5,
1198,801,영양,1611,5.8,12.6,0.1,11.5,
1199,801,영양,1612,1.0,7.7,-4.9,46.0,
1200,801,영양,1701,-2.0,4.7,-8.1,3.0,
1201,801,영양,1702,-0.1,7.3,-7.2,31.0,
1202,801,영양,1703,4.6,12.5,-1.8,20.5,
1203,801,영양,1704,12.6,20.3,5.1,72.0,
1204,801,영양,1705,17.6,25.7,9.9,31.5,
1205,801,영양,1706,20.2,28.4,13.3,30.0,
1206,801,영양,1707,25.0,30.4,21.0,307.0,
1207,801,영양,1708,23.4,28.7,19.6,138.5,
1208,801,영양,1709,18.4,25.4,13.2,93.0,
1209,801,영양,1710,13.5,19.7,9.0,70.5,
1210,801,영양,1711,4.7,12.3,-2.0,0.5,
1211,801,영양,1712,-2.6,4.3,-8.9,9.5,
1212,801,영양,1801,-4.3,2.1,-10.3,11.0,
1213,801,영양,1802,-2.2,5.2,-9.7,26.5,
1214,801,영양,1803,6.3,13.5,-0.8,94.5,
1215,801,영양,1804,12.0,19.6,4.4,169.0,
1216,801,영양,1805,16.6,23.3,10.4,109.5,
1217,801,영양,1806,20.6,27.3,14.8,50.5,
1218,801,영양,1807,25.7,31.7,20.9,210.0,
1219,801,영양,1808,25.4,31.3,20.9,205.5,
1220,801,영양,1809,18.4,23.9,13.9,96.5,
1221,801,영양,1810,10.9,18.2,5.4,136.5,
1222,801,영양,1811,5.3,13.5,-0.4,48.0,
1223,801,영양,1812,-1.2,5.5,-7.3,27.0,
1224,801,영양,1901,-2.1,5.0,-8.8,8.5,
1225,801,영양,1902,0.9,7.8,-5.4,25.5,
1226,801,영양,1903,5.7,13.4,-1.3,40.5,
1227,801,영양,1904,10.2,17.7,2.8,76.0,
1228,801,영양,1905,17.0,25.6,8.3,42.5,
1229,801,영양,1906,19.6,26.7,13.7,142.0,
1230,801,영양,1907,23.5,28.4,19.5,108.5,
1231,801,영양,1908,24.5,30.3,20.3,178.5,
1232,801,영양,1909,20.1,25.9,16.1,148.0,
1233,801,영양,1910,13.7,20.3,8.6,182.0,
1234,801,영양,1911,6.5,14.4,0.6,38.5,
1235,801,영양,1912,0.1,7.2,-5.5,24.0,
1236,801,영양,2001,0.5,6.6,-4.5,88.5,
1237,801,영양,2002,1.7,8.3,-4.5,54.5,
1238,801,영양,2003,6.6,13.9,-0.6,22.0,
1239,801,영양,2004,9.5,17.1,1.8,40.5,
1240,801,영양,2005,16.5,23.4,10.2,63.0,
1241,801,영양,2006,21.8,28.7,15.5,126.5,
1242,801,영양,2007,21.3,25.7,18.0,350.5,
1243,801,영양,2008,25.6,30.7,22.3,202.5,
1244,801,영양,2009,18.7,24.3,14.4,256.5,
1245,801,영양,2010,11.9,19.8,6.1,3.0,
1246,801,영양,2011,6.5,13.8,0.1,42.5,
1247,801,영양,2012,-2.1,5.3,-8.6,1.5,
1248,801,영양,2101,-2.7,4.0,-9.3,3.5,
1249,801,영양,2102,2.0,9.5,-5.0,12.0,
1250,801,영양,2103,7.4,14.3,1.0,102.0,
1251,801,영양,2104,11.4,18.9,4.4,110.5,
1252,801,영양,2105,15.2,21.8,9.2,166.0,
1253,801,영양,2106,20.6,26.8,15.9,75.5,
1254,801,영양,2107,24.9,31.3,20.4,168.0,
1255,801,영양,2108,23.8,28.8,20.3,156.5,
1256,801,영양,2109,19.8,25.1,15.7,179.0,
1257,801,영양,2110,13.4,20.7,8.8,53.5,
1258,801,영양,2111,6.1,14.1,0.2,33.5,
1259,801,영양,2112,0.3,7.3,-5.8,0.0,
1260,810,성주,1501,-0.2,5.7,-6.0,19.5,
1261,810,성주,1502,1.5,7.9,-4.2,22.0,
1262,810,성주,1503,6.7,14.5,-1.0,52.5,
1263,810,성주,1504,12.8,19.4,6.6,85.5,
1264,810,성주,1505,19.2,26.6,11.4,48.0,
1265,810,성주,1506,21.9,27.8,16.5,75.0,
1266,810,성주,1507,24.4,29.4,20.4,185.5,
1267,810,성주,1508,25.0,30.6,20.8,173.5,
1268,810,성주,1509,19.7,26.0,14.5,39.0,
1269,810,성주,1510,14.1,22.1,7.7,45.0,
1270,810,성주,1511,9.8,14.3,5.8,97.0,
1271,810,성주,1512,2.9,8.5,-2.7,31.5,
1272,810,성주,1601,-1.8,4.2,-7.5,19.0,
1273,810,성주,1602,1.4,7.9,-5.0,31.0,
1274,810,성주,1603,7.5,14.5,0.4,42.0,
1275,810,성주,1604,14.1,21.2,7.5,169.5,
1276,810,성주,1605,18.9,26.3,11.5,79.0,
1277,810,성주,1606,22.5,27.9,17.4,50.5,
1278,810,성주,1607,25.8,30.9,22.0,233.5,
1279,810,성주,1608,27.0,33.0,22.0,80.5,
1280,810,성주,1609,21.2,25.6,17.9,326.5,
1281,810,성주,1610,15.5,20.5,11.3,118.5,
1282,810,성주,1611,6.9,13.4,1.1,8.5,
1283,810,성주,1612,1.9,8.3,-4.2,40.0,
1284,810,성주,1701,-0.9,6.2,-7.4,1.0,
1285,810,성주,1702,1.7,8.6,-5.5,24.0,
1286,810,성주,1703,6.6,13.8,-0.9,22.5,
1287,810,성주,1704,14.2,21.9,6.2,72.5,
1288,810,성주,1705,19.2,27.0,11.1,23.0,
1289,810,성주,1706,22.7,29.7,16.1,85.0,
1290,810,성주,1707,26.7,31.8,22.9,80.0,
1291,810,성주,1708,25.6,30.8,21.4,160.0,
1292,810,성주,1709,20.1,26.5,14.3,116.0,
1293,810,성주,1710,15.0,21.0,10.1,65.0,
1294,810,성주,1711,5.7,13.5,-1.4,0.5,
1295,810,성주,1712,-1.0,5.6,-7.5,10.0,
1296,810,성주,1801,-2.4,3.9,-8.1,18.0,
1297,810,성주,1802,-0.6,7.1,-8.2,37.0,
1298,810,성주,1803,8.1,15.7,0.6,130.5,
1299,810,성주,1804,13.9,21.1,6.5,110.5,
1300,810,성주,1805,18.4,24.6,12.1,84.0,
1301,810,성주,1806,22.7,28.5,17.0,96.5,
1302,810,성주,1807,27.1,32.2,22.6,187.5,
1303,810,성주,1808,27.2,32.8,22.4,270.0,
1304,810,성주,1809,20.1,25.3,15.6,158.0,
1305,810,성주,1810,12.7,19.7,6.8,212.0,
1306,810,성주,1811,7.0,15.0,0.5,18.5,
1307,810,성주,1812,0.6,6.9,-5.2,19.5,
1308,810,성주,1901,-0.3,7.5,-7.3,6.0,
1309,810,성주,1902,2.6,9.2,-3.6,20.5,
1310,810,성주,1903,8.2,16.0,0.2,20.5,
1311,810,성주,1904,12.4,19.4,5.3,113.0,
1312,810,성주,1905,18.9,27.0,10.6,50.0,
1313,810,성주,1906,22.2,28.7,16.4,140.0,
1314,810,성주,1907,24.8,29.8,20.8,167.5,
1315,810,성주,1908,26.2,31.9,21.8,111.0,
1316,810,성주,1909,21.7,26.8,17.9,241.0,
1317,810,성주,1910,15.4,22.0,10.1,279.0,
1318,810,성주,1911,8.0,16.1,1.4,17.5,
1319,810,성주,1912,1.8,8.9,-4.1,19.5,
1320,810,성주,2001,2.2,8.4,-3.0,68.0,
1321,810,성주,2002,3.7,10.6,-2.5,45.5,
1322,810,성주,2003,8.4,16.1,0.4,27.0,
1323,810,성주,2004,11.6,19.3,3.4,37.0,
1324,810,성주,2005,18.8,25.7,12.4,51.0,
1325,810,성주,2006,23.7,30.2,17.7,150.0,
1326,810,성주,2007,22.9,27.0,20.0,488.0,
1327,810,성주,2008,27.6,32.6,24.0,411.5,
1328,810,성주,2009,20.3,25.9,15.8,153.5,
1329,810,성주,2010,13.7,21.4,7.1,11.5,
1330,810,성주,2011,8.1,15.3,1.4,25.5,
1331,810,성주,2012,0.2,7.8,-6.1,1.5,
1332,810,성주,2101,-1.1,6.0,-7.3,7.5,
1333,810,성주,2102,3.2,11.7,-4.2,15.0,
1334,810,성주,2103,9.4,16.4,2.1,102.5,
1335,810,성주,2104,14.0,21.2,6.4,49.5,
1336,810,성주,2105,17.5,24.1,11.0,104.0,
1337,810,성주,2106,22.9,28.9,17.6,54.0,
1338,810,성주,2107,26.5,32.5,22.0,237.0,
1339,810,성주,2108,25.0,30.3,21.7,368.5,
1340,810,성주,2109,21.3,26.4,17.4,114.5,
1341,810,성주,2110,15.5,23.9,9.7,59.5,
1342,810,성주,2111,7.7,16.6,1.3,47.0,
1343,810,성주,2112,1.5,9.3,-5.0,0.0,
1344,812,고령,1501,-0.3,6.8,-6.5,16.5,
1345,812,고령,1502,1.3,8.8,-5.1,21.0,
1346,812,고령,1503,6.7,14.9,-1.5,46.5,
1347,812,고령,1504,12.7,19.7,6.3,114.5,
1348,812,고령,1505,18.9,26.8,11.0,54.5,
1349,812,고령,1506,21.8,27.5,16.7,112.5,
1350,812,고령,1507,24.4,29.6,20.3,181.0,
1351,812,고령,1508,24.9,30.8,20.6,184.5,
1352,812,고령,1509,19.4,26.1,14.5,49.0,
1353,812,고령,1510,13.5,22.6,7.1,49.5,
1354,812,고령,1511,10.0,15.1,5.8,95.5,
1355,812,고령,1512,2.8,9.4,-2.8,33.0,
1356,812,고령,1601,-1.9,5.4,-7.6,19.5,
1357,812,고령,1602,1.5,9.1,-5.1,35.0,
1358,812,고령,1603,7.6,14.9,0.9,74.0,
1359,812,고령,1604,13.8,21.4,7.2,193.0,
1360,812,고령,1605,18.7,26.4,11.3,85.5,
1361,812,고령,1606,22.4,27.9,17.5,126.5,
1362,812,고령,1607,25.9,31.1,22.1,166.0,
1363,812,고령,1608,26.7,33.5,21.6,70.5,
1364,812,고령,1609,21.1,25.8,17.8,333.0,
1365,812,고령,1610,15.4,21.0,11.4,144.5,
1366,812,고령,1611,6.9,14.3,0.8,9.0,
1367,812,고령,1612,1.8,9.2,-4.2,54.5,
1368,812,고령,1701,-0.7,7.2,-7.4,0.0,
1369,812,고령,1702,1.6,9.6,-6.2,25.5,
1370,812,고령,1703,6.1,14.3,-1.4,27.0,
1371,812,고령,1704,14.3,22.0,6.2,64.5,
1372,812,고령,1705,18.9,27.6,10.3,20.5,
1373,812,고령,1706,22.6,30.0,15.8,58.0,
1374,812,고령,1707,26.9,32.2,22.9,84.0,
1375,812,고령,1708,25.6,31.3,21.0,164.0,
1376,812,고령,1709,19.6,26.8,13.8,115.5,
1377,812,고령,1710,14.8,21.5,9.9,87.5,
1378,812,고령,1711,5.6,14.6,-1.4,2.0,
1379,812,고령,1712,-1.2,6.3,-7.8,13.5,
1380,812,고령,1801,-2.4,4.8,-8.5,17.0,
1381,812,고령,1802,-0.2,8.0,-8.2,29.5,
1382,812,고령,1803,8.1,16.1,0.6,117.0,
1383,812,고령,1804,13.7,21.4,5.9,130.5,
1384,812,고령,1805,18.4,24.7,11.9,108.0,
1385,812,고령,1806,22.5,28.6,16.9,120.5,
1386,812,고령,1807,27.0,32.6,22.4,175.0,
1387,812,고령,1808,26.8,33.0,21.8,363.0,
1388,812,고령,1809,19.7,25.4,15.1,144.5,
1389,812,고령,1810,11.9,20.0,6.0,200.5,
1390,812,고령,1811,6.5,15.1,0.3,21.5,
1391,812,고령,1812,0.4,7.5,-5.5,24.5,
1392,812,고령,1901,-1.0,8.1,-7.9,11.0,
1393,812,고령,1902,2.1,9.5,-4.2,29.0,
1394,812,고령,1903,7.7,15.9,-0.2,33.0,
1395,812,고령,1904,12.3,19.6,4.8,109.0,
1396,812,고령,1905,18.2,27.1,9.7,75.5,
1397,812,고령,1906,21.9,28.4,16.4,174.0,
1398,812,고령,1907,24.7,29.5,20.9,218.5,
1399,812,고령,1908,25.8,31.6,21.4,123.0,
1400,812,고령,1909,21.3,26.7,17.4,290.0,
1401,812,고령,1910,14.6,21.8,9.3,307.0,
1402,812,고령,1911,7.7,16.2,1.5,11.0,
1403,812,고령,1912,1.5,9.1,-4.3,27.5,
1404,812,고령,2001,1.8,8.8,-3.2,74.5,
1405,812,고령,2002,3.3,10.8,-2.8,39.5,
1406,812,고령,2003,8.3,16.0,0.5,29.0,
1407,812,고령,2004,11.2,19.2,2.4,45.0,
1408,812,고령,2005,18.3,25.2,11.9,62.0,
1409,812,고령,2006,23.3,29.9,17.6,144.5,
1410,812,고령,2007,22.5,26.5,19.8,631.5,
1411,812,고령,2008,27.2,31.7,23.9,451.5,
1412,812,고령,2009,19.8,25.3,15.6,179.5,
1413,812,고령,2010,12.8,21.1,6.4,14.5,
1414,812,고령,2011,7.5,15.5,0.8,24.0,
1415,812,고령,2012,-0.7,7.3,-6.8,2.5,
1416,812,고령,2101,-1.1,6.3,-7.6,13.5,
1417,812,고령,2102,3.4,11.7,-3.9,18.0,
1418,812,고령,2103,9.0,16.3,1.7,102.0,
1419,812,고령,2104,13.4,21.0,5.5,49.0,
1420,812,고령,2105,17.1,24.1,10.4,112.5,
1421,812,고령,2106,22.5,27.9,17.5,63.5,
1422,812,고령,2107,25.8,31.6,21.5,210.0,
1423,812,고령,2108,24.7,30.1,21.2,371.0,
1424,812,고령,2109,21.0,26.1,17.1,90.0,
1425,812,고령,2110,14.9,22.6,9.6,50.5,
1426,812,고령,2111,7.0,15.9,0.7,44.5,
1427,812,고령,2112,,,,0.0,
1428,813,청도,1501,-0.1,6.7,-6.4,23.0,
1429,813,청도,1502,1.6,8.7,-4.7,18.0,
1430,813,청도,1503,6.8,14.9,-1.3,52.5,
1431,813,청도,1504,12.7,19.6,6.2,108.5,
1432,813,청도,1505,18.8,26.6,11.0,61.0,
1433,813,청도,1506,21.5,27.5,16.1,49.0,
1434,813,청도,1507,24.3,29.4,20.2,259.5,
1435,813,청도,1508,24.9,31.0,20.4,129.0,
1436,813,청도,1509,19.3,25.8,14.4,114.5,
1437,813,청도,1510,13.4,22.6,6.7,56.5,
1438,813,청도,1511,10.1,15.5,5.7,87.5,
1439,813,청도,1512,3.2,9.7,-2.5,40.5,
1440,813,청도,1601,-1.9,4.9,-8.0,35.0,
1441,813,청도,1602,1.7,8.8,-4.8,28.5,
1442,813,청도,1603,7.5,14.6,0.9,97.0,
1443,813,청도,1604,13.8,21.1,7.2,198.5,
1444,813,청도,1605,18.6,26.5,10.8,110.0,
1445,813,청도,1606,22.4,27.9,17.3,32.0,
1446,813,청도,1607,26.0,31.5,21.9,200.5,
1447,813,청도,1608,26.4,33.1,21.5,72.5,
1448,813,청도,1609,21.2,26.0,17.6,509.5,
1449,813,청도,1610,15.7,21.4,11.4,176.5,
1450,813,청도,1611,7.4,14.7,1.3,20.0,
1451,813,청도,1612,2.5,10.0,-3.6,85.5,
1452,813,청도,1701,-0.4,7.1,-7.1,2.5,
1453,813,청도,1702,2.0,9.4,-5.6,28.0,
1454,813,청도,1703,6.5,13.9,-0.8,49.0,
1455,813,청도,1704,14.0,21.5,6.6,94.5,
1456,813,청도,1705,19.0,27.1,10.7,36.0,
1457,813,청도,1706,22.3,29.9,15.8,64.5,
1458,813,청도,1707,27.2,32.6,23.0,71.5,
1459,813,청도,1708,25.8,31.9,21.0,256.5,
1460,813,청도,1709,19.7,26.9,13.7,121.5,
1461,813,청도,1710,15.2,21.7,10.0,60.5,
1462,813,청도,1711,6.0,14.9,-1.5,0.0,
1463,813,청도,1712,-1.2,6.4,-8.1,15.5,
1464,813,청도,1801,-2.1,4.7,-8.1,26.5,
1465,813,청도,1802,-0.1,7.8,-8.0,26.5,
1466,813,청도,1803,8.0,15.8,1.0,136.5,
1467,813,청도,1804,13.8,21.3,6.4,143.0,
1468,813,청도,1805,18.2,24.6,12.2,98.0,
1469,813,청도,1806,22.3,28.5,16.7,126.5,
1470,813,청도,1807,27.1,32.8,22.5,181.0,
1471,813,청도,1808,26.8,32.7,22.0,282.5,
1472,813,청도,1809,20.0,25.5,15.6,102.5,
1473,813,청도,1810,12.4,20.2,6.2,184.0,
1474,813,청도,1811,6.7,15.8,0.2,23.0,
1475,813,청도,1812,0.9,7.9,-5.0,35.5,
1476,813,청도,1901,-0.3,8.1,-7.4,4.5,
1477,813,청도,1902,2.6,9.7,-3.8,1.0,
1478,813,청도,1903,8.2,15.6,0.8,37.5,
1479,813,청도,1904,12.4,19.4,5.2,83.0,
1480,813,청도,1905,18.6,27.2,10.1,45.5,
1481,813,청도,1906,21.7,28.1,16.1,201.5,
1482,813,청도,1907,25.0,29.4,21.3,255.0,
1483,813,청도,1908,26.1,31.9,21.9,130.5,
1484,813,청도,1909,21.9,27.4,17.7,234.5,
1485,813,청도,1910,15.3,22.4,9.4,177.0,
1486,813,청도,1911,8.1,16.9,1.4,21.0,
1487,813,청도,1912,1.9,9.7,-4.3,35.0,
1488,813,청도,2001,2.5,9.2,-2.9,85.0,
1489,813,청도,2002,4.0,11.2,-2.2,53.5,
1490,813,청도,2003,8.5,16.0,0.9,30.5,
1491,813,청도,2004,11.2,19.0,2.9,39.0,
1492,813,청도,2005,18.6,25.7,12.0,43.0,
1493,813,청도,2006,23.5,30.0,17.6,211.5,
1494,813,청도,2007,22.8,27.0,19.6,460.5,
1495,813,청도,2008,27.5,32.5,23.9,245.0,
1496,813,청도,2009,20.2,25.8,15.7,237.5,
1497,813,청도,2010,13.4,21.6,6.6,13.0,
1498,813,청도,2011,8.0,15.9,1.0,32.5,
1499,813,청도,2012,-0.3,7.7,-6.8,3.5,
1500,813,청도,2101,-0.7,6.5,-7.4,16.5,
1501,813,청도,2102,3.6,11.6,-3.8,21.5,
1502,813,청도,2103,9.3,16.4,2.3,136.5,
1503,813,청도,2104,13.4,20.9,5.9,59.0,
1504,813,청도,2105,17.2,24.1,10.6,128.0,
1505,813,청도,2106,22.4,28.2,17.4,44.0,
1506,813,청도,2107,25.9,32.0,21.3,190.5,
1507,813,청도,2108,24.9,30.2,21.3,325.5,
1508,813,청도,2109,21.3,26.5,17.2,84.0,
1509,813,청도,2110,14.8,23.2,9.6,46.5,
1510,813,청도,2111,7.2,16.4,0.4,66.0,
1511,813,청도,2112,1.3,9.1,-5.2,3.5,
1512,815,예천,1501,-1.3,5.1,-6.6,11.8,
1513,815,예천,1502,0.6,7.4,-4.8,16.7,
1514,815,예천,1503,5.8,14.4,-1.7,36.8,
1515,815,예천,1504,11.8,18.6,5.5,43.2,
1516,815,예천,1505,18.5,26.4,10.4,23.8,
1517,815,예천,1506,21.7,28.5,15.9,63.8,
1518,815,예천,1507,23.8,29.0,19.7,104.0,
1519,815,예천,1508,24.4,30.8,19.8,73.5,
1520,815,예천,1509,19.2,26.6,13.2,7.8,
1521,815,예천,1510,13.3,21.9,6.4,38.7,
1522,815,예천,1511,8.5,13.6,4.5,53.3,
1523,815,예천,1512,1.2,7.2,-3.7,14.0,
1524,815,예천,1601,-2.7,4.0,-8.4,1.8,
1525,815,예천,1602,0.5,7.4,-5.5,32.3,
1526,815,예천,1603,6.5,14.5,-0.4,39.0,
1527,815,예천,1604,13.4,21.1,7.0,121.2,
1528,815,예천,1605,18.1,26.1,10.2,51.4,
1529,815,예천,1606,22.4,28.7,16.8,48.8,
1530,815,예천,1607,24.6,30.1,20.8,383.5,
1531,815,예천,1608,25.6,32.1,20.6,107.8,
1532,815,예천,1609,20.5,25.5,16.9,96.5,
1533,815,예천,1610,14.4,20.3,10.3,80.2,
1534,815,예천,1611,6.1,12.7,0.8,12.5,
1535,815,예천,1612,1.2,7.5,-4.1,47.9,
1536,815,예천,1701,-1.3,5.6,-7.2,1.7,
1537,815,예천,1702,0.7,7.8,-5.9,33.5,
1538,815,예천,1703,5.9,13.5,-1.1,14.9,
1539,815,예천,1704,13.6,21.2,6.0,79.9,
1540,815,예천,1705,18.7,26.6,11.4,17.7,
1541,815,예천,1706,21.3,28.9,14.9,38.6,
1542,815,예천,1707,25.3,29.9,21.9,469.1,
1543,815,예천,1708,24.0,29.0,20.2,180.5,
1544,815,예천,1709,18.7,25.6,13.1,99.5,
1545,815,예천,1710,13.7,20.4,9.0,53.0,
1546,815,예천,1711,4.4,11.8,-1.7,3.5,
1547,815,예천,1712,-2.3,3.9,-7.9,14.0,
1548,815,예천,1801,-3.8,2.1,-8.7,16.0,
1549,815,예천,1802,-1.7,5.6,-8.5,19.5,
1550,815,예천,1803,6.9,14.0,0.3,112.5,
1551,815,예천,1804,12.7,20.1,5.5,157.5,
1552,815,예천,1805,17.2,23.7,10.8,88.5,
1553,815,예천,1806,21.7,27.7,16.3,65.5,
1554,815,예천,1807,26.3,31.8,21.6,163.0,
1555,815,예천,1808,26.2,31.9,21.6,277.0,
1556,815,예천,1809,18.7,24.3,14.1,114.5,
1557,815,예천,1810,10.9,18.2,5.2,115.5,
1558,815,예천,1811,5.1,12.4,-0.2,36.5,
1559,815,예천,1812,-1.3,4.8,-6.4,25.0,
1560,815,예천,1901,-1.9,5.2,-8.1,0.5,
1561,815,예천,1902,1.1,7.6,-4.5,31.0,
1562,815,예천,1903,6.1,13.8,-0.9,31.0,
1563,815,예천,1904,11.1,18.4,3.9,78.5,
1564,815,예천,1905,17.9,26.0,9.8,58.0,
1565,815,예천,1906,21.0,27.5,15.4,86.5,
1566,815,예천,1907,24.0,29.0,20.1,175.0,
1567,815,예천,1908,25.0,30.7,20.5,107.5,
1568,815,예천,1909,20.3,25.5,16.1,130.5,
1569,815,예천,1910,13.8,20.8,8.6,119.5,
1570,815,예천,1911,6.4,13.9,0.7,45.5,
1571,815,예천,1912,0.0,6.4,-5.0,21.5,
1572,815,예천,2001,1.0,6.6,-3.6,46.5,
1573,815,예천,2002,2.0,8.3,-3.9,52.5,
1574,815,예천,2003,7.3,14.6,-0.1,16.0,
1575,815,예천,2004,10.2,18.1,2.5,27.5,
1576,815,예천,2005,17.3,24.0,11.3,132.5,
1577,815,예천,2006,23.1,29.2,17.5,123.5,
1578,815,예천,2007,22.4,26.6,19.3,438.5,
1579,815,예천,2008,26.2,31.6,22.8,452.5,
1580,815,예천,2009,19.4,25.4,15.1,117.5,
1581,815,예천,2010,12.3,20.3,6.0,1.5,
1582,815,예천,2011,6.9,14.0,0.9,38.0,
1583,815,예천,2012,-0.9,6.6,-6.6,2.0,
1584,815,예천,2101,-2.5,4.0,-8.6,7.5,
1585,815,예천,2102,2.3,9.8,-4.3,9.5,
1586,815,예천,2103,8.2,14.9,1.8,105.5,
1587,815,예천,2104,12.8,19.7,5.8,92.5,
1588,815,예천,2105,16.1,22.3,10.1,161.0,
1589,815,예천,2106,21.9,27.7,16.8,69.5,
1590,815,예천,2107,25.8,31.7,21.4,221.5,
1591,815,예천,2108,24.0,29.1,20.7,239.5,
1592,815,예천,2109,20.2,25.7,16.0,169.0,
1593,815,예천,2110,13.8,21.0,8.7,44.0,
1594,815,예천,2111,6.6,14.1,0.9,39.5,
1595,815,예천,2112,0.5,7.3,-5.3,0.0,
1596,822,김천,1501,-0.9,5.2,-6.2,40.0,
1597,822,김천,1502,1.2,7.6,-4.3,36.5,
1598,822,김천,1503,6.1,14.7,-1.9,49.0,
1599,822,김천,1504,12.3,19.3,5.7,84.0,
1600,822,김천,1505,18.7,27.5,9.7,23.0,
1601,822,김천,1506,22.0,29.1,15.7,82.5,
1602,822,김천,1507,24.4,30.2,19.8,146.0,
1603,822,김천,1508,24.6,31.7,19.7,93.5,
1604,822,김천,1509,19.0,27.0,12.7,17.5,
1605,822,김천,1510,13.2,22.3,6.2,52.5,
1606,822,김천,1511,8.8,13.6,4.6,94.5,
1607,822,김천,1512,1.9,7.4,-3.2,39.0,
1608,822,김천,1601,-2.4,3.3,-7.7,59.5,
1609,822,김천,1602,0.4,7.2,-5.7,25.0,
1610,822,김천,1603,6.6,14.1,-0.9,49.0,
1611,822,김천,1604,13.5,21.6,6.2,165.5,
1612,822,김천,1605,18.2,26.8,9.8,53.0,
1613,822,김천,1606,22.4,29.2,16.3,42.5,
1614,822,김천,1607,25.6,31.8,21.1,295.0,
1615,822,김천,1608,26.2,33.6,20.8,110.0,
1616,822,김천,1609,20.6,26.0,17.1,263.0,
1617,822,김천,1610,14.4,20.3,10.2,156.5,
1618,822,김천,1611,5.7,12.7,-0.4,14.0,
1619,822,김천,1612,0.9,7.5,-5.1,31.0,
1620,822,김천,1701,-1.8,5.4,-8.2,0.0,
1621,822,김천,1702,0.3,7.7,-6.6,16.5,
1622,822,김천,1703,5.7,13.6,-2.0,33.5,
1623,822,김천,1704,13.4,22.1,4.9,54.0,
1624,822,김천,1705,18.4,27.5,9.3,13.0,
1625,822,김천,1706,22.3,30.4,14.8,79.0,
1626,822,김천,1707,26.0,31.9,22.0,146.5,
1627,822,김천,1708,24.9,30.8,20.6,223.0,
1628,822,김천,1709,19.0,26.5,12.8,102.0,
1629,822,김천,1710,14.0,21.0,8.9,49.0,
1630,822,김천,1711,5.2,13.4,-1.8,2.0,
1631,822,김천,1712,-1.3,5.2,-7.3,13.0,
1632,822,김천,1801,-2.9,3.5,-8.2,16.0,
1633,822,김천,1802,-1.3,6.6,-8.9,34.5,
1634,822,김천,1803,7.6,15.9,0.1,110.0,
1635,822,김천,1804,13.5,21.6,5.2,121.5,
1636,822,김천,1805,18.2,25.2,11.1,72.0,
1637,822,김천,1806,22.2,29.3,15.8,159.5,
1638,822,김천,1807,27.1,32.9,22.1,125.0,
1639,822,김천,1808,27.1,33.6,21.6,267.0,
1640,822,김천,1809,19.0,25.0,14.1,120.0,
1641,822,김천,1810,11.4,19.3,4.9,182.0,
1642,822,김천,1811,,,,2.0,
1643,822,김천,1812,-1.2,5.5,-7.2,18.5,
1644,822,김천,1901,-2.0,5.7,-9.2,5.5,
1645,822,김천,1902,0.7,7.9,-5.9,18.5,
1646,822,김천,1903,6.4,14.8,-1.9,25.5,
1647,822,김천,1904,11.1,18.7,3.2,101.5,
1648,822,김천,1905,17.6,26.7,8.1,47.5,
1649,822,김천,1906,21.3,28.4,14.7,99.5,
1650,822,김천,1907,24.2,29.9,19.9,196.5,
1651,822,김천,1908,25.3,31.4,20.5,146.0,
1652,822,김천,1909,20.7,26.4,16.5,229.5,
1653,822,김천,1910,13.9,21.2,8.2,240.0,
1654,822,김천,1911,6.2,14.7,-0.4,13.5,
1655,822,김천,1912,0.4,7.7,-5.6,18.0,
1656,822,김천,2001,1.0,7.0,-4.3,67.0,
1657,822,김천,2002,2.1,9.4,-4.2,50.0,
1658,822,김천,2003,7.6,15.8,-1.0,15.5,
1659,822,김천,2004,10.8,19.2,1.6,30.0,
1660,822,김천,2005,18.3,25.7,11.1,72.0,
1661,822,김천,2006,23.5,30.5,17.4,183.5,
1662,822,김천,2007,23.0,27.5,19.8,461.5,
1663,822,김천,2008,27.2,32.9,23.3,388.5,
1664,822,김천,2009,19.7,26.0,14.8,186.5,
1665,822,김천,2010,12.7,21.1,5.6,3.5,
1666,822,김천,2011,6.9,14.7,0.3,40.5,
1667,822,김천,2012,-1.4,6.2,-7.6,1.5,
1668,822,김천,2101,-2.8,4.5,-9.2,5.0,
1669,822,김천,2102,2.1,10.5,-5.5,9.5,
1670,822,김천,2103,8.3,16.0,0.8,83.5,
1671,822,김천,2104,13.3,21.1,5.2,36.5,
1672,822,김천,2105,16.8,24.1,9.6,109.5,
1673,822,김천,2106,22.5,29.2,16.8,53.0,
1674,822,김천,2107,26.4,32.8,21.8,295.5,
1675,822,김천,2108,24.9,30.4,21.5,394.0,
1676,822,김천,2109,20.8,26.6,16.6,112.0,
1677,822,김천,2110,13.9,22.2,8.1,43.5,
1678,822,김천,2111,6.6,15.0,0.3,31.0,
1679,822,김천,2112,0.2,8.1,-5.9,0.0,
1680,823,군위,1501,-1.8,4.6,-7.4,20.5,
1681,823,군위,1502,0.3,7.1,-5.4,15.5,
1682,823,군위,1503,5.5,13.9,-2.3,38.5,
1683,823,군위,1504,11.8,19.1,5.1,70.5,
1684,823,군위,1505,18.2,26.8,9.3,21.0,
1685,823,군위,1506,21.3,28.3,14.9,82.5,
1686,823,군위,1507,24.0,29.5,19.4,130.5,
1687,823,군위,1508,24.6,31.2,19.9,89.0,
1688,823,군위,1509,18.7,26.3,12.7,42.0,
1689,823,군위,1510,12.8,21.8,5.6,47.0,
1690,823,군위,1511,8.4,13.5,4.2,82.5,
1691,823,군위,1512,1.1,7.0,-4.0,20.5,
1692,823,군위,1601,-3.3,3.0,-9.0,8.5,
1693,823,군위,1602,-0.2,7.1,-6.4,18.5,
1694,823,군위,1603,6.1,13.9,-1.0,52.0,
1695,823,군위,1604,13.3,21.1,6.2,156.5,
1696,823,군위,1605,18.5,26.7,10.4,68.5,
1697,823,군위,1606,22.8,29.2,16.9,55.5,
1698,823,군위,1607,25.6,31.3,21.0,273.0,
1699,823,군위,1608,26.6,33.9,20.7,47.5,
1700,823,군위,1609,20.7,26.0,16.9,231.0,
1701,823,군위,1610,14.4,20.2,10.6,132.0,
1702,823,군위,1611,5.6,12.8,-0.2,12.0,
1703,823,군위,1612,1.1,7.8,-4.7,21.0,
1704,823,군위,1701,-2.2,5.3,-8.8,3.5,
1705,823,군위,1702,0.2,7.8,-6.7,28.0,
1706,823,군위,1703,5.7,13.8,-1.5,15.5,
1707,823,군위,1704,13.5,21.5,5.6,74.5,
1708,823,군위,1705,18.9,27.3,10.5,11.5,
1709,823,군위,1706,22.6,30.7,15.3,22.5,
1710,823,군위,1707,26.3,31.8,22.2,202.0,
1711,823,군위,1708,24.7,30.1,20.2,148.0,
1712,823,군위,1709,19.1,26.7,13.0,81.5,
1713,823,군위,1710,13.9,21.2,9.0,52.0,
1714,823,군위,1711,4.4,12.9,-2.6,0.0,
1715,823,군위,1712,-2.5,4.7,-8.8,0.0,
1716,823,군위,1801,-4.1,2.8,-9.8,0.0,
1717,823,군위,1802,-2.0,6.1,-10.4,0.0,
1718,823,군위,1803,7.0,15.2,-0.1,107.5,
1719,823,군위,1804,13.2,21.1,5.4,119.0,
1720,823,군위,1805,18.1,25.1,11.3,138.5,
1721,823,군위,1806,22.3,29.1,16.2,101.5,
1722,823,군위,1807,27.4,33.4,22.1,166.5,
1723,823,군위,1808,27.1,33.9,21.1,240.5,
1724,823,군위,1809,19.1,25.5,13.9,102.5,
1725,823,군위,1810,10.9,19.3,4.5,160.0,
1726,823,군위,1811,4.8,13.9,-1.6,18.0,
1727,823,군위,1812,-1.7,5.6,-8.0,22.0,
1728,823,군위,1901,-2.7,5.5,-9.7,3.0,
1729,823,군위,1902,0.5,8.5,-6.3,18.0,
1730,823,군위,1903,6.7,14.8,-1.0,18.5,
1731,823,군위,1904,11.6,19.2,4.2,90.5,
1732,823,군위,1905,18.7,27.4,9.6,50.5,
1733,823,군위,1906,22.1,29.2,15.8,124.0,
1734,823,군위,1907,24.9,30.2,20.3,123.5,
1735,823,군위,1908,26.3,32.7,21.4,158.5,
1736,823,군위,1909,21.4,27.2,17.2,228.5,
1737,823,군위,1910,14.4,22.0,8.9,183.0,
1738,823,군위,1911,7.0,15.6,0.6,18.0,
1739,823,군위,1912,0.6,8.3,-5.1,17.0,
1740,823,군위,2001,1.4,7.5,-3.4,54.0,
1741,823,군위,2002,2.6,9.7,-3.7,53.5,
1742,823,군위,2003,7.5,15.3,-0.2,16.0,
1743,823,군위,2004,10.8,18.7,2.6,29.5,
1744,823,군위,2005,17.8,24.8,11.3,69.0,
1745,823,군위,2006,23.1,29.6,17.0,169.5,
1746,823,군위,2007,22.6,26.8,19.1,369.5,
1747,823,군위,2008,26.9,31.8,23.1,258.5,
1748,823,군위,2009,19.5,25.4,15.2,140.0,
1749,823,군위,2010,12.7,20.5,6.3,6.5,
1750,823,군위,2011,6.5,14.2,0.3,9.5,
1751,823,군위,2012,-1.5,6.1,-7.6,0.5,
1752,823,군위,2101,-2.5,4.9,-9.0,8.5,
1753,823,군위,2102,2.1,10.3,-4.9,14.0,
1754,823,군위,2103,8.3,15.3,1.6,100.0,
1755,823,군위,2104,13.0,20.4,5.5,61.5,
1756,823,군위,2105,16.4,22.8,10.1,112.5,
1757,823,군위,2106,22.0,28.0,16.8,48.0,
1758,823,군위,2107,26.0,32.2,21.1,257.0,
1759,823,군위,2108,24.4,29.7,21.1,227.5,
1760,823,군위,2109,20.5,26.0,16.7,125.5,
1761,823,군위,2110,13.9,21.6,9.2,52.0,
1762,823,군위,2111,6.6,14.6,0.8,33.5,
1763,823,군위,2112,0.4,7.9,-5.5,0.5,
1764,825,칠곡,1501,0.7,6.2,-4.3,19.5,
1765,825,칠곡,1502,2.3,8.4,-3.2,15.0,
1766,825,칠곡,1503,7.5,15.4,0.1,48.5,
1767,825,칠곡,1504,13.2,19.6,7.3,79.0,
1768,825,칠곡,1505,20.1,27.1,12.2,31.5,
1769,825,칠곡,1506,22.7,28.3,17.7,68.5,
1770,825,칠곡,1507,25.0,30.2,21.1,160.5,
1771,825,칠곡,1508,25.7,31.7,21.5,102.0,
1772,825,칠곡,1509,20.4,27.2,15.2,39.5,
1773,825,칠곡,1510,14.8,23.0,8.5,62.5,
1774,825,칠곡,1511,10.2,14.8,6.5,86.5,
1775,825,칠곡,1512,3.5,8.7,-1.2,29.5,
1776,825,칠곡,1601,-0.8,4.7,-5.7,13.0,
1777,825,칠곡,1602,2.2,8.5,-3.5,21.0,
1778,825,칠곡,1603,8.1,15.0,1.4,37.0,
1779,825,칠곡,1604,14.6,21.5,8.4,169.5,
1780,825,칠곡,1605,19.6,26.9,12.4,90.0,
1781,825,칠곡,1606,23.4,28.8,18.5,34.5,
1782,825,칠곡,1607,26.5,32.0,22.5,290.5,
1783,825,칠곡,1608,27.7,34.8,22.4,63.0,
1784,825,칠곡,1609,21.7,26.8,18.1,280.0,
1785,825,칠곡,1610,15.8,21.4,11.7,127.0,
1786,825,칠곡,1611,7.5,13.8,2.1,10.5,
1787,825,칠곡,1612,2.9,8.5,-2.4,33.0,
1788,825,칠곡,1701,0.3,6.7,-5.3,1.5,
1789,825,칠곡,1702,2.5,9.0,-4.0,26.5,
1790,825,칠곡,1703,7.2,14.5,0.2,30.5,
1791,825,칠곡,1704,14.9,22.7,7.2,69.0,
1792,825,칠곡,1705,20.2,28.0,12.2,24.5,
1793,825,칠곡,1706,23.5,30.4,17.3,126.0,
1794,825,칠곡,1707,27.1,32.4,23.5,187.0,
1795,825,칠곡,1708,26.0,31.6,21.8,200.0,
1796,825,칠곡,1709,20.5,27.6,14.8,105.5,
1797,825,칠곡,1710,15.5,22.0,10.6,55.0,
1798,825,칠곡,1711,6.8,14.3,0.4,0.0,
1799,825,칠곡,1712,-0.1,6.4,-5.8,3.5,
1800,825,칠곡,1801,-1.7,4.5,-6.8,0.5,
1801,825,칠곡,1802,0.4,7.8,-6.6,0.0,
1802,825,칠곡,1803,8.4,16.3,1.3,139.5,
1803,825,칠곡,1804,14.4,21.8,7.0,107.0,
1804,825,칠곡,1805,19.2,25.7,12.9,107.0,
1805,825,칠곡,1806,23.7,29.3,18.2,160.5,
1806,825,칠곡,1807,27.9,33.5,23.3,183.5,
1807,825,칠곡,1808,28.0,33.9,23.1,267.5,
1808,825,칠곡,1809,20.6,26.4,16.0,138.0,
1809,825,칠곡,1810,13.1,20.6,7.0,136.5,
1810,825,칠곡,1811,7.5,15.6,1.4,15.5,
1811,825,칠곡,1812,1.1,7.2,-3.9,19.5,
1812,825,칠곡,1901,0.6,7.8,-5.5,2.0,
1813,825,칠곡,1902,3.0,9.6,-2.7,19.0,
1814,825,칠곡,1903,8.7,16.3,1.6,19.5,
1815,825,칠곡,1904,13.1,20.0,6.3,113.0,
1816,825,칠곡,1905,19.9,27.9,11.7,59.0,
1817,825,칠곡,1906,22.8,28.5,17.6,148.0,
1818,825,칠곡,1907,25.2,29.7,21.6,123.0,
1819,825,칠곡,1908,26.4,31.6,22.2,105.5,
1820,825,칠곡,1909,22.0,26.8,18.1,34.0,
1821,825,칠곡,1910,15.8,22.0,10.8,171.0,
1822,825,칠곡,1911,8.8,15.7,3.2,15.5,
1823,825,칠곡,1912,2.8,8.9,-2.4,14.0,
1824,825,칠곡,2001,3.3,8.4,-1.0,63.5,
1825,825,칠곡,2002,4.4,10.3,-0.9,46.5,
1826,825,칠곡,2003,9.1,15.7,2.4,22.0,
1827,825,칠곡,2004,12.2,19.1,5.0,27.5,
1828,825,칠곡,2005,19.2,25.1,13.5,55.5,
1829,825,칠곡,2006,24.2,29.6,19.0,168.5,
1830,825,칠곡,2007,23.3,26.8,20.4,429.0,
1831,825,칠곡,2008,27.5,31.8,24.2,337.5,
1832,825,칠곡,2009,20.4,25.7,16.2,162.5,
1833,825,칠곡,2010,14.2,21.0,8.5,12.5,
1834,825,칠곡,2011,8.9,15.1,3.3,42.5,
1835,825,칠곡,2012,0.9,7.3,-4.5,1.0,
1836,825,칠곡,2101,-0.2,5.9,-5.8,9.0,
1837,825,칠곡,2102,4.1,11.3,-2.3,15.0,
1838,825,칠곡,2103,9.9,16.0,3.6,110.5,
1839,825,칠곡,2104,14.4,21.1,7.6,55.5,
1840,825,칠곡,2105,17.8,23.9,12.0,138.5,
1841,825,칠곡,2106,23.3,28.4,18.7,57.5,
1842,825,칠곡,2107,26.6,32.0,22.4,417.0,
1843,825,칠곡,2108,25.1,29.8,22.0,416.0,
1844,825,칠곡,2109,21.4,26.3,17.7,146.5,
1845,825,칠곡,2110,15.4,22.1,10.5,57.5,
1846,825,칠곡,2111,8.4,15.5,2.8,43.0,
1847,825,칠곡,2112,2.5,8.9,-2.9,0.0,
1848,827,경산,1501,1.5,6.7,-3.1,21.5,
1849,827,경산,1502,3.0,8.9,-2.0,15.0,
1850,827,경산,1503,8.4,15.3,1.6,51.0,
1851,827,경산,1504,13.8,20.3,8.1,101.5,
1852,827,경산,1505,20.9,28.0,13.7,45.5,
1853,827,경산,1506,22.8,29.1,17.6,72.0,
1854,827,경산,1507,25.5,30.7,21.5,169.5,
1855,827,경산,1508,26.2,32.1,21.8,174.0,
1856,827,경산,1509,20.4,26.5,15.7,62.0,
1857,827,경산,1510,15.7,23.3,10.0,45.0,
1858,827,경산,1511,10.8,15.1,7.2,95.0,
1859,827,경산,1512,4.2,9.1,-0.1,37.0,
1860,827,경산,1601,-0.5,4.6,-5.1,27.5,
1861,827,경산,1602,2.9,8.7,-2.4,12.0,
1862,827,경산,1603,8.6,14.9,2.9,86.0,
1863,827,경산,1604,14.8,21.6,8.9,184.5,
1864,827,경산,1605,20.2,27.6,13.0,63.0,
1865,827,경산,1606,23.5,29.0,18.6,47.0,
1866,827,경산,1607,26.5,32.0,22.4,195.0,
1867,827,경산,1608,27.7,34.3,22.8,81.0,
1868,827,경산,1609,21.8,26.4,18.5,362.5,
1869,827,경산,1610,16.4,21.6,12.5,142.0,
1870,827,경산,1611,8.6,14.4,3.4,13.0,
1871,827,경산,1612,3.7,9.1,-1.3,61.0,
1872,827,경산,1701,0.8,6.5,-4.6,1.0,
1873,827,경산,1702,3.0,9.2,-2.9,30.5,
1874,827,경산,1703,7.7,14.2,1.7,49.5,
1875,827,경산,1704,15.7,22.5,9.1,35.5,
1876,827,경산,1705,20.8,28.3,13.7,26.5,
1877,827,경산,1706,23.3,30.9,17.3,72.0,
1878,827,경산,1707,28.0,33.6,23.8,120.0,
1879,827,경산,1708,26.4,32.0,22.2,177.5,
1880,827,경산,1709,21.2,27.7,15.8,108.5,
1881,827,경산,1710,16.0,22.0,11.6,61.0,
1882,827,경산,1711,7.7,14.5,1.7,0.0,
1883,827,경산,1712,0.4,6.1,-4.8,13.0,
1884,827,경산,1801,-1.1,4.3,-5.7,21.0,
1885,827,경산,1802,1.1,7.6,-4.9,28.5,
1886,827,경산,1803,9.1,15.8,2.6,125.5,
1887,827,경산,1804,15.0,21.9,8.5,140.0,
1888,827,경산,1805,19.1,25.2,13.8,91.5,
1889,827,경산,1806,23.1,28.6,18.0,119.0,
1890,827,경산,1807,27.7,32.9,23.4,138.5,
1891,827,경산,1808,27.3,32.9,23.1,330.5,
1892,827,경산,1809,20.6,25.3,16.7,116.5,
1893,827,경산,1810,13.8,20.0,8.6,185.0,
1894,827,경산,1811,8.4,15.1,2.8,14.5,
1895,827,경산,1812,1.7,6.8,-2.7,20.0,
1896,827,경산,1901,1.3,7.2,-3.8,12.0,
1897,827,경산,1902,3.6,9.0,-1.4,24.5,
1898,827,경산,1903,9.2,15.5,3.2,30.0,
1899,827,경산,1904,13.2,19.5,7.5,91.0,
1900,827,경산,1905,20.2,27.4,12.9,31.0,
1901,827,경산,1906,22.3,28.3,17.0,189.0,
1902,827,경산,1907,25.4,29.7,22.1,162.5,
1903,827,경산,1908,26.9,32.0,23.0,118.5,
1904,827,경산,1909,22.1,26.9,18.6,223.0,
1905,827,경산,1910,16.1,21.8,11.5,121.0,
1906,827,경산,1911,9.4,16.2,3.8,17.5,
1907,827,경산,1912,3.2,8.9,-1.6,30.5,
1908,827,경산,2001,3.5,8.4,-0.4,93.5,
1909,827,경산,2002,4.7,10.4,-0.2,46.0,
1910,827,경산,2003,9.4,15.8,3.3,20.5,
1911,827,경산,2004,12.4,19.0,6.0,33.5,
1912,827,경산,2005,19.2,25.7,13.6,35.5,
1913,827,경산,2006,24.1,30.5,18.6,192.0,
1914,827,경산,2007,22.8,26.8,19.9,399.5,
1915,827,경산,2008,28.5,33.6,24.7,237.5,
1916,827,경산,2009,21.1,26.5,16.7,232.0,
1917,827,경산,2010,15.1,21.9,9.5,11.5,
1918,827,경산,2011,9.4,15.2,4.1,25.5,
1919,827,경산,2012,1.4,7.1,-3.4,2.5,
1920,827,경산,2101,0.3,6.0,-4.6,11.5,
1921,827,경산,2102,4.7,11.1,-0.8,18.5,
1922,827,경산,2103,10.0,16.0,4.4,118.5,
1923,827,경산,2104,14.2,20.7,8.1,54.5,
1924,827,경산,2105,17.9,24.1,12.2,103.5,
1925,827,경산,2106,22.9,28.5,18.4,41.0,
1926,827,경산,2107,26.6,32.2,22.3,183.0,
1927,827,경산,2108,25.4,30.3,21.9,285.5,
1928,827,경산,2109,21.6,26.3,18.2,97.0,
1929,827,경산,2110,16.0,22.4,11.1,54.0,
1930,827,경산,2111,9.1,15.9,3.8,44.5,
1931,827,경산,2112,2.9,8.9,-2.2,0.0,
